player_name,pitch_type,swings,avg_dev_bat_speed_z,avg_dev_attack_angle_z,avg_dev_swing_path_tilt_z,avg_dev_attack_direction_z
"Cruz, Fernando",FS,140,0.7,0.18,-0.139,0.488
"Webb, Logan",FF,136,0.464,-0.031,0.081,0.196
"Hader, Josh",SL,162,0.444,0.333,0.067,0.476
"Miller, Mason",SL,194,0.44,0.22,0.052,0.475
"Smith, Shane",CU,118,0.436,-0.112,-0.153,-0.035
"Hurter, Brant",ST,113,0.425,0.251,-0.095,0.118
"Hoffman, Jeff",SL,174,0.423,-0.005,0.068,0.267
"Skenes, Paul",CH,166,0.395,0.337,-0.001,0.268
"Webb, Logan",FC,122,0.386,0.258,0.075,0.298
"Sale, Chris",SL,407,0.384,0.247,0.058,0.37
"Cantillo, Joey",CH,215,0.384,0.387,0.189,0.765
"Olson, Reese",SL,113,0.375,0.111,-0.151,0.057
"Maton, Phil",FC,145,0.346,0.3,0.151,0.507
"Rogers, Tyler",SL,106,0.342,-0.182,0.51,-0.085
"Megill, Tylor",SL,113,0.337,0.028,-0.075,-0.015
"Stanek, Ryne",SL,100,0.321,0.021,-0.072,0.025
"Martinez, Nick",CH,230,0.319,0.018,-0.037,0.115
"Uribe, Abner",SL,241,0.316,0.234,-0.034,0.148
"Banks, Tanner",FF,129,0.315,0.118,-0.02,0.308
"Borucki, Ryan",SL,108,0.315,0.021,0.022,0.122
"Helsley, Ryan",SL,235,0.31,0.053,-0.057,0.096
"Taillon, Jameson",CH,119,0.309,0.089,-0.058,0.106
"Pallante, Andre",SI,184,0.304,-0.013,0.225,0.088
"Bassitt, Chris",FC,199,0.302,0.047,0.119,0.428
"Quintana, Jose",FF,126,0.298,0.297,0.057,0.119
"Zerpa, Angel",FF,100,0.296,-0.014,0.105,0.04
"Backhus, Kyle",SI,114,0.294,0.055,0.232,0.235
"Whitlock, Garrett",CH,140,0.284,-0.019,-0.048,-0.076
"Taylor, Grant",FF,158,0.283,0.176,0.156,0.051
"Gilbert, Logan",FS,145,0.28,0.136,-0.057,0.212
"Fairbanks, Pete",SL,157,0.267,0.075,0.096,0.213
"Romero, JoJo",SI,116,0.265,0.289,-0.038,0.25
"Greene, Hunter",SL,295,0.26,-0.015,-0.054,0.109
"Coulombe, Danny",FC,142,0.258,0.18,0.172,0.111
"Leasure, Jordan",SL,219,0.254,0.01,-0.018,0.144
"Bassitt, Chris",FF,134,0.251,0.15,-0.146,0.251
"Díaz, Edwin",FF,243,0.249,0.012,0.053,0.05
"Treinen, Blake",ST,119,0.245,-0.085,-0.093,0.018
"Ferrer, José A.",CH,119,0.243,0.117,0.052,0.24
"Chafin, Andrew",SL,107,0.243,0.237,0.101,0.169
"Halvorsen, Seth",FF,140,0.238,0.257,-0.014,0.1
"Lodolo, Nick",FF,307,0.237,0.037,0.082,0.186
"Bird, Jake",ST,124,0.234,0.031,0.123,-0.079
"Gray, Sonny",ST,277,0.234,-0.037,0.176,-0.11
"Sterner, Justin",FC,149,0.23,-0.034,-0.026,0.058
"Ferguson, Caleb",FF,165,0.229,0.121,0.134,0.06
"Anderson, Tyler",CH,358,0.229,0.056,0.131,0.277
"Glasnow, Tyler",CU,156,0.227,0.001,0.052,0.022
"Cabrera, Edward",FF,112,0.226,0.118,-0.046,0.289
"Ferguson, Caleb",SI,108,0.225,0.06,-0.079,0.136
"Miller, Mason",FF,259,0.223,0.027,0.012,0.014
"Ashcraft, Graham",SL,248,0.222,0.193,-0.005,0.193
"Hamilton, Ian",SI,137,0.211,0.069,-0.029,0.108
"Mejia, Juan",ST,144,0.21,-0.074,-0.007,-0.024
"Peterson, David",FF,255,0.207,0.072,-0.04,0.095
"Schreiber, John",FF,164,0.203,-0.037,-0.088,0.008
"Quantrill, Cal",FF,122,0.201,0.002,-0.002,0.085
"Phillips, Tyler",ST,107,0.201,-0.037,0.022,-0.067
"Bowlan, Jonathan",FF,118,0.198,-0.035,0.036,0.045
"O'Brien, Riley",SI,145,0.197,-0.154,0.091,0.032
"deGrom, Jacob",CH,128,0.192,0.171,-0.017,0.05
"Alvarado, José",SI,119,0.189,-0.039,0.177,0.016
"Springs, Jeffrey",CH,364,0.188,-0.035,-0.027,0.092
"Palencia, Daniel",SL,109,0.186,0.002,-0.036,0.047
"Henriquez, Ronny",ST,148,0.185,0.013,-0.005,0.069
"Garcia, Robert",CH,130,0.185,0.021,0.041,0.247
"Rutledge, Jackson",SL,147,0.184,-0.002,0.006,0.089
"Speier, Gabe",SL,126,0.184,0.127,0.114,0.103
"Abreu, Bryan",SL,254,0.182,0.013,-0.03,0.082
"Manaea, Sean",FF,366,0.181,0.329,-0.087,0.247
"Vodnik, Victor",CH,105,0.18,-0.02,-0.053,-0.166
"Muñoz, Andrés",FF,161,0.178,0.022,0.099,-0.045
"Alexander, Tyler",SI,136,0.178,0.295,-0.202,0.169
"Megill, Tylor",FF,236,0.177,0.074,0.001,-0.026
"Suter, Brent",FF,259,0.174,0.296,-0.083,0.38
"Montgomery, Mason",FF,264,0.173,0.174,0.073,0.075
"Gage, Matt",SL,116,0.173,0.251,0.292,0.032
"Williams, Gavin",ST,224,0.17,0.218,-0.03,0.072
"Leahy, Kyle",FF,157,0.169,-0.036,0.134,0.139
"Rea, Colin",CH,147,0.169,0.249,-0.156,0.182
"Lucas, Easton",FF,126,0.169,0.221,0.228,0.15
"Wentz, Joey",CU,120,0.166,-0.133,-0.07,-0.077
"Bibee, Tanner",CH,203,0.165,0.222,0.234,0.197
"Slaten, Justin",FF,112,0.165,0.143,-0.056,-0.026
"Henriquez, Ronny",FF,150,0.165,-0.004,0.041,0.043
"Soto, Gregory",SL,148,0.164,0.068,0.265,0.215
"Walker, Ryan",SL,171,0.163,0.23,0.005,0.084
"Woo, Bryan",ST,106,0.162,-0.088,0.03,-0.13
"Gonsolin, Tony",FF,107,0.159,-0.165,-0.124,-0.119
"Palencia, Daniel",FF,327,0.157,0.03,-0.031,0.074
"Lord, Brad",SI,187,0.156,0.128,0.003,0.101
"Herrin, Tim",CU,103,0.156,0.076,-0.012,0.095
"Rolison, Ryan",FF,131,0.155,0.141,-0.033,0.153
"Smith, Cade",FF,421,0.154,0.049,-0.014,0.069
"Pérez, Eury",SL,168,0.153,0.113,-0.127,0.27
"Thompson, Ryan",SL,121,0.151,0.112,0.095,0.095
"Crochet, Garrett",SI,217,0.149,0.009,0.01,0.036
"Morejon, Adrian",SL,110,0.149,0.374,0.068,0.293
"Banda, Anthony",FF,140,0.148,-0.204,0.014,-0.115
"Lugo, Seth",FC,131,0.148,0.034,0.068,0.212
"Brogdon, Connor",CH,170,0.147,0.018,-0.021,0.3
"Vesia, Alex",SL,179,0.145,0.313,0.179,0.249
"Casparius, Ben",FF,173,0.144,0.042,0.025,0.056
"Wacha, Michael",SI,153,0.144,-0.049,0.196,-0.101
"Brazobán, Huascar",SI,167,0.144,0.135,0.04,0.223
"Fernandez, Ryan",SL,115,0.144,-0.017,-0.076,-0.038
"Bivens, Spencer",SI,188,0.143,-0.13,-0.043,-0.007
"Legumina, Casey",FF,212,0.143,0.005,-0.104,-0.004
"Strahm, Matt",SL,162,0.143,0.054,-0.011,0.095
"Headrick, Brent",FF,135,0.143,0.099,0.039,0.231
"Hernández, Daysbel",FF,122,0.141,-0.021,-0.067,0.035
"Matz, Steven",SI,312,0.14,-0.028,0.193,0.103
"Latz, Jacob",SL,124,0.14,-0.011,0.13,0.108
"Houser, Adrian",FF,112,0.139,-0.155,0.081,0.023
"Snell, Blake",FF,258,0.139,0.014,0.187,0.034
"Erceg, Lucas",FF,140,0.135,0.199,-0.176,0.128
"Rea, Colin",SI,135,0.135,-0.073,0.226,-0.004
"Martin, Chris",FC,107,0.134,0.22,-0.112,0.288
"Strider, Spencer",SL,352,0.134,0.137,0.023,0.129
"Junis, Jakob",SI,113,0.133,0.151,-0.089,0.172
"Zerpa, Angel",SI,177,0.131,0.117,-0.097,0.259
"Zeferjahn, Ryan",FF,143,0.13,0.021,0.048,0.036
"Sousa, Bennett",SL,218,0.13,0.074,-0.02,0.129
"Liberatore, Matthew",CU,104,0.129,-0.102,0.059,0.028
"Cecconi, Slade",SI,103,0.129,0.057,-0.114,0.071
"Rodríguez, Yariel",SL,234,0.129,-0.006,-0.031,0.108
"Detmers, Reid",FF,258,0.128,0.003,0.071,0.074
"Harris, Hogan",FF,278,0.127,0.153,0.018,0.074
"Taillon, Jameson",ST,161,0.127,-0.138,-0.19,-0.078
"Lodolo, Nick",CU,269,0.126,0.208,0.04,0.116
"Severino, Luis",SI,253,0.126,-0.116,0.074,-0.079
"Rodriguez, Eduardo",FC,145,0.125,0.007,-0.006,0.026
"Cleavinger, Garrett",SI,131,0.124,-0.037,0.025,0.104
"Mejia, Juan",FF,339,0.124,0.127,-0.019,0.058
"Garcia, Robert",FF,213,0.124,0.181,-0.042,0.177
"Rea, Colin",SL,109,0.124,0.119,-0.101,0.039
"Brazobán, Huascar",CH,178,0.123,-0.147,-0.07,-0.111
"Parker, Mitchell",CU,198,0.122,0.218,0.188,0.288
"Phillips, Tyler",CU,101,0.12,-0.123,0.013,-0.112
"Vesia, Alex",FF,306,0.12,0.11,0.203,0.087
"Horton, Cade",CH,110,0.119,-0.131,0.008,-0.14
"Paddack, Chris",CH,309,0.118,0.131,-0.043,-0.058
"Speier, Gabe",SI,124,0.118,0.056,0.04,-0.038
"Muñoz, Andrés",SL,271,0.116,0.053,0.003,0.216
"Hicks, Jordan",ST,103,0.115,0.082,-0.141,0.26
"Elder, Bryce",FF,135,0.114,0.22,0.042,0.108
"Rodón, Carlos",SL,404,0.114,-0.019,-0.019,0.013
"Uceta, Edwin",FF,246,0.114,-0.016,-0.003,0.196
"Kerkering, Orion",FF,162,0.113,-0.109,-0.093,-0.099
"Detmers, Reid",SL,167,0.113,0.286,0.077,0.26
"Mears, Nick",SL,191,0.113,-0.061,-0.21,0.019
"Rasmussen, Drew",FF,389,0.112,-0.063,0.069,0.002
"Gore, MacKenzie",CH,114,0.112,0.084,0.279,0.335
"Strahm, Matt",FF,187,0.112,0.223,0.142,0.351
"Boyd, Matthew",CH,333,0.112,0.115,0.077,0.279
"Rogers, Taylor",ST,183,0.111,0.237,0.106,0.145
"De los Santos, Yerry",SI,125,0.111,-0.047,-0.061,-0.108
"Whitlock, Garrett",SL,181,0.111,-0.008,-0.19,-0.066
"Martinez, Nick",SL,118,0.111,0.083,-0.096,0.044
"Fried, Max",FF,198,0.109,0.011,0.035,0.147
"Montero, Rafael",FS,143,0.109,0.004,-0.067,-0.024
"Lorenzen, Michael",SL,135,0.109,0.008,-0.018,0.089
"Skubal, Tarik",SI,337,0.108,0.075,0.132,0.092
"Walker, Ryan",SI,231,0.108,0.115,-0.034,0.06
"Burke, Sean",FF,505,0.108,0.024,0.085,0.083
"Englert, Mason",CH,119,0.107,0.036,-0.225,-0.045
"Duran, Jhoan",FF,223,0.104,0.092,-0.048,0.072
"Rodriguez, Eduardo",FF,525,0.104,0.0,0.007,0.042
"Peralta, Luis",FF,143,0.104,0.168,0.152,0.071
"King, Bryan",FF,320,0.103,0.039,-0.09,0.123
"Fisher, Braydon",SL,167,0.103,-0.066,0.105,0.074
"Wheeler, Zack",SI,186,0.102,0.024,0.077,-0.059
"Lugo, Seth",FF,185,0.101,0.247,0.023,-0.039
"Festa, David",CH,123,0.1,0.139,-0.131,0.001
"King, Michael",FF,130,0.099,-0.117,0.018,0.023
"Morejon, Adrian",SI,283,0.098,-0.041,-0.013,0.036
"Baz, Shane",FF,565,0.097,-0.043,-0.049,-0.024
"Romero, JoJo",ST,144,0.097,0.08,-0.053,-0.054
"Eisert, Brandon",FF,139,0.096,-0.012,0.182,0.092
"Mey, Luis",SI,113,0.096,-0.08,0.071,-0.091
"Wheeler, Zack",ST,139,0.094,-0.213,-0.019,-0.086
"Gómez, Yoendrys",FF,177,0.094,-0.105,0.155,-0.062
"Valdez, Framber",CU,286,0.093,-0.121,0.096,-0.048
"Skubal, Tarik",FF,544,0.093,0.066,0.003,0.218
"Ginkel, Kevin",FF,109,0.093,-0.045,0.172,0.117
"Stewart, Brock",FF,190,0.092,0.013,-0.072,-0.005
"Gore, MacKenzie",CU,220,0.092,-0.079,0.032,0.097
"Pivetta, Nick",FF,671,0.092,0.017,0.007,0.031
"Webb, Logan",SI,400,0.091,0.022,0.044,0.122
"Ferguson, Caleb",FC,109,0.09,0.106,0.07,-0.075
"Barnett, Mason",FF,112,0.09,-0.126,-0.154,-0.049
"Henry, Cole",FF,219,0.09,0.068,-0.091,0.048
"May, Dustin",FF,165,0.09,-0.125,0.069,0.032
"Bernardino, Brennan",SI,135,0.09,0.065,0.053,0.03
"Rogers, Trevor",SI,107,0.09,0.119,0.022,-0.015
"Akin, Keegan",SL,136,0.089,0.031,0.142,-0.09
"Vargas, Carlos",SI,329,0.089,-0.065,0.002,0.028
"Sabrowski, Erik",FF,158,0.088,-0.026,0.157,0.164
"Spence, Mitch",FC,231,0.088,-0.151,-0.047,-0.052
"Bello, Brayan",ST,186,0.088,0.059,-0.065,-0.006
"Wacha, Michael",CH,360,0.087,0.113,0.01,0.101
"Kremer, Dean",FC,225,0.087,-0.128,-0.197,-0.128
"Jax, Griffin",ST,179,0.087,0.232,0.054,0.12
"Flaherty, Jack",SL,285,0.086,-0.035,-0.086,-0.127
"Littell, Zack",SI,213,0.086,-0.109,0.291,-0.037
"Yamamoto, Yoshinobu",FF,420,0.086,-0.018,0.079,-0.061
"Estévez, Carlos",SL,135,0.085,0.234,-0.01,0.056
"Adam, Jason",SL,167,0.085,0.192,-0.112,0.344
"Cantillo, Joey",FF,277,0.085,0.178,0.049,0.145
"Iglesias, Raisel",FF,198,0.085,0.117,-0.053,0.093
"Lazar, Max",FF,160,0.084,0.107,0.025,0.03
"Ferrer, José A.",SI,340,0.084,0.015,0.077,0.047
"Brown, Ben",FF,415,0.084,-0.033,-0.042,0.001
"McGreevy, Michael",FF,158,0.083,-0.026,-0.177,0.002
"Imanaga, Shota",ST,148,0.082,-0.017,0.059,0.171
"Whitlock, Garrett",SI,277,0.082,-0.159,0.038,0.048
"Holmes, Clay",CH,202,0.082,0.118,-0.025,-0.091
"Bummer, Aaron",SI,104,0.081,0.187,0.002,0.148
"Paddack, Chris",FC,144,0.081,-0.115,-0.075,-0.038
"Cameron, Noah",FF,229,0.08,0.031,0.062,0.025
"Kittredge, Andrew",SL,247,0.08,-0.107,-0.065,-0.22
"Crochet, Garrett",FF,555,0.079,-0.037,-0.031,0.06
"Speier, Gabe",FF,253,0.079,0.066,-0.048,0.059
"Newcomb, Sean",FF,218,0.078,-0.07,0.071,-0.011
"Brown, Hunter",SI,311,0.078,-0.053,0.183,0.105
"Zerpa, Angel",SL,143,0.078,0.1,0.06,0.058
"Gray, Sonny",FC,134,0.077,0.134,-0.271,-0.018
"Fitts, Richard",FF,133,0.075,-0.021,0.07,0.036
"Skubal, Tarik",CH,506,0.075,-0.094,-0.011,0.087
"Giolito, Lucas",FF,495,0.075,0.131,0.15,0.081
"Lucchesi, Joey",SI,119,0.074,0.253,0.025,0.154
"Gilbert, Tyler",ST,100,0.074,-0.016,0.001,-0.063
"Erceg, Lucas",SI,111,0.073,-0.0,0.043,-0.063
"Chandler, Bubba",FF,128,0.073,-0.186,0.048,-0.089
"Santillan, Tony",FF,422,0.072,0.012,-0.089,0.031
"Rogers, Tyler",SI,360,0.071,0.482,0.029,0.194
"Scott, Tanner",SL,202,0.071,0.105,0.09,0.14
"Gaddis, Hunter",FF,194,0.071,0.182,0.256,0.142
"Gallen, Zac",CH,215,0.07,0.009,-0.013,-0.154
"Bido, Osvaldo",SL,173,0.07,-0.005,0.037,0.036
"Chivilli, Angel",CH,173,0.07,0.234,0.059,0.28
"Suarez, Ranger",CH,236,0.069,-0.011,-0.071,0.148
"Doval, Camilo",FC,166,0.069,-0.002,0.087,-0.138
"Kinley, Tyler",SL,372,0.068,0.009,-0.046,0.017
"Lopez, Jacob",FF,223,0.068,0.121,-0.038,0.235
"Vodnik, Victor",FF,218,0.067,0.028,-0.028,-0.066
"Casparius, Ben",FC,129,0.067,0.171,-0.18,0.077
"Giolito, Lucas",CH,286,0.067,0.091,0.117,0.206
"Brown, Hunter",CH,152,0.065,-0.165,0.128,-0.189
"Fried, Max",FC,394,0.065,0.04,0.202,0.094
"Pomeranz, Drew",FF,343,0.064,0.089,-0.126,0.085
"Yamamoto, Yoshinobu",SI,105,0.064,-0.107,0.103,-0.103
"Walker, Taijuan",SI,164,0.064,-0.204,-0.074,-0.098
"Schlittler, Cam",FC,116,0.064,0.051,0.051,0.059
"Mears, Nick",FF,250,0.064,-0.121,0.123,0.0
"Civale, Aaron",FC,263,0.064,-0.025,0.159,-0.013
"Hicks, Jordan",SI,247,0.063,-0.044,0.049,0.011
"Fluharty, Mason",FC,205,0.063,-0.069,0.236,0.098
"Svanson, Matt",ST,113,0.063,0.241,0.038,0.246
"Burns, Chase",SL,138,0.063,-0.101,-0.03,-0.172
"Mattson, Isaac",FF,295,0.063,0.0,-0.073,0.007
"Pepiot, Ryan",CH,344,0.063,0.069,-0.117,-0.018
"Parker, Mitchell",SL,175,0.062,-0.064,0.159,-0.007
"Newcomb, Sean",SI,130,0.06,0.017,-0.074,-0.123
"Hodge, Porter",FF,110,0.06,-0.058,-0.007,0.128
"Bieber, Shane",FF,131,0.059,-0.007,0.098,-0.073
"Rogers, Taylor",SI,165,0.059,-0.028,0.121,0.0
"Hader, Josh",SI,243,0.058,-0.052,0.432,0.012
"Matz, Steven",CH,105,0.058,-0.138,-0.111,-0.06
"Alexander, Tyler",FF,205,0.057,-0.113,0.011,0.038
"Rocker, Kumar",FC,151,0.057,0.328,0.09,0.175
"Williams, Gavin",CU,226,0.057,0.015,-0.087,-0.119
"Bowlan, Jonathan",SL,102,0.056,0.008,-0.084,0.033
"Elder, Bryce",SL,428,0.056,-0.088,-0.118,-0.149
"Woodruff, Brandon",SI,123,0.056,-0.03,0.037,0.019
"Senzatela, Antonio",FF,605,0.056,0.072,-0.068,0.075
"Peralta, Wandy",CH,200,0.056,0.01,0.037,0.143
"Megill, Trevor",FF,238,0.056,-0.007,-0.026,-0.049
"Lord, Brad",FF,538,0.055,0.132,-0.061,0.08
"Festa, David",SL,106,0.055,-0.114,-0.019,-0.071
"Crochet, Garrett",ST,246,0.055,0.008,0.244,0.163
"Ohl, Pierson",CH,120,0.055,-0.077,-0.12,0.133
"Akin, Keegan",FF,265,0.055,-0.083,0.039,0.076
"Severino, Luis",FF,367,0.054,-0.187,-0.052,-0.118
"Sands, Cole",FF,157,0.054,0.041,0.011,0.13
"Ogasawara, Shinnosuke",FF,116,0.053,-0.054,-0.021,0.076
"Rocker, Kumar",FF,121,0.052,-0.012,-0.042,-0.107
"Estrada, Jeremiah",FF,395,0.052,-0.125,0.152,-0.043
"Ashcraft, Graham",FC,217,0.051,0.007,0.136,-0.023
"Brogdon, Connor",FF,153,0.051,0.039,0.04,-0.066
"Castillo, Luis",SL,269,0.05,-0.037,-0.097,-0.063
"Eflin, Zach",SI,102,0.05,0.108,0.018,0.033
"Doval, Camilo",SL,254,0.049,-0.043,-0.066,-0.078
"Abreu, Bryan",FF,266,0.049,-0.047,-0.044,-0.09
"Kinley, Tyler",FF,106,0.049,0.361,0.224,0.315
"Graceffo, Gordon",FF,158,0.049,-0.021,0.054,-0.014
"Ferguson, Tyler",FF,198,0.049,0.034,-0.099,-0.076
"Cease, Dylan",FF,651,0.048,-0.065,0.123,-0.041
"Wacha, Michael",SL,152,0.047,0.03,0.035,0.036
"Mize, Casey",SI,158,0.047,-0.055,0.017,0.012
"Rocker, Kumar",SI,127,0.046,-0.118,-0.052,-0.153
"Molina, Anthony",FF,125,0.046,-0.035,0.083,-0.045
"Schlittler, Cam",FF,388,0.044,-0.071,-0.014,-0.032
"Festa, Matt",FF,167,0.044,0.08,-0.212,0.075
"Rodríguez, Yariel",FF,195,0.044,0.09,-0.062,-0.055
"Misiorowski, Jacob",FF,346,0.044,0.01,-0.088,-0.018
"Pepiot, Ryan",FF,585,0.044,0.022,-0.042,0.084
"López, Pablo",FF,265,0.044,0.021,-0.06,0.024
"Wacha, Michael",FF,318,0.044,0.016,0.087,-0.029
"Gausman, Kevin",SL,100,0.043,-0.046,-0.213,-0.076
"Clarke, Taylor",SL,166,0.043,-0.038,-0.141,0.068
"Kerkering, Orion",ST,189,0.043,0.09,-0.142,0.016
"Montero, Keider",SL,142,0.043,-0.013,-0.135,0.05
"Kirby, George",FF,339,0.042,-0.087,-0.002,-0.128
"Kranick, Max",FF,114,0.042,0.059,-0.043,0.126
"Bradley, Taj",FC,211,0.041,0.035,0.07,0.078
"Baker, Bryan",FF,290,0.041,-0.101,0.123,-0.056
"Brown, Hunter",FF,449,0.041,0.044,0.151,0.011
"Bachar, Lake",SL,125,0.041,0.032,-0.002,-0.112
"Cameron, Noah",CU,121,0.041,0.258,0.043,0.378
"Hamilton, Ian",SL,118,0.04,0.194,-0.014,0.037
"Rasmussen, Drew",FC,324,0.04,-0.019,-0.006,0.008
"Meyer, Max",FF,106,0.04,0.241,0.026,-0.019
"Bassitt, Chris",CU,172,0.04,0.134,-0.152,0.19
"Bubic, Kris",SL,102,0.04,0.208,-0.012,0.262
"Rasmussen, Drew",SI,222,0.04,-0.142,-0.066,-0.101
"Ragans, Cole",FF,271,0.04,-0.031,0.085,0.051
"Skenes, Paul",FF,593,0.04,0.017,-0.031,-0.014
"Woo, Bryan",SI,329,0.039,-0.002,0.03,-0.03
"Corbin, Patrick",SL,353,0.038,0.184,0.172,0.123
"Burke, Brock",SL,116,0.038,-0.081,0.207,-0.06
"Holmes, Grant",SL,366,0.037,0.072,-0.127,-0.081
"Liberatore, Matthew",SI,117,0.037,-0.148,0.245,0.044
"Hernández, Carlos",FF,201,0.037,-0.063,0.002,0.008
"Bassitt, Chris",SI,526,0.037,0.025,-0.101,0.045
"Javier, Cristian",FF,115,0.037,0.155,0.028,0.101
"Peralta, Freddy",FF,781,0.037,0.037,0.037,0.059
"Ross, Joe",SI,100,0.036,-0.025,-0.016,-0.023
"Kremer, Dean",SI,229,0.036,-0.025,-0.01,-0.047
"Alvarado, Elvis",FF,173,0.036,-0.128,-0.015,-0.174
"Ortiz, Luis",SL,183,0.035,0.045,-0.041,-0.061
"Morgan, David",FF,148,0.035,-0.072,-0.045,-0.114
"Nelson, Ryne",SL,139,0.035,-0.154,-0.183,-0.125
"Cease, Dylan",SL,608,0.035,-0.095,0.001,-0.07
"deGrom, Jacob",SL,425,0.035,-0.032,-0.143,-0.172
"Boyd, Matthew",SL,178,0.035,0.105,0.167,0.1
"Ohtani, Shohei",FF,215,0.035,0.052,0.066,-0.112
"Barlow, Scott",ST,136,0.034,0.178,0.072,0.106
"Sterner, Justin",FF,275,0.034,-0.195,-0.068,-0.113
"Brown, McCade",FF,129,0.034,0.141,0.068,0.118
"Koenig, Jared",SI,247,0.033,0.119,0.025,0.019
"Santana, Dennis",SL,252,0.031,-0.011,0.027,-0.039
"Palmquist, Carson",FF,165,0.031,0.093,0.044,0.211
"Holmes, Clay",SI,435,0.03,0.088,-0.02,-0.008
"Martinez, Nick",SI,201,0.03,-0.014,0.109,0.121
"Falter, Bailey",FF,454,0.03,0.054,0.083,0.122
"Sánchez, Cristopher",SL,220,0.029,0.152,0.106,0.061
"Buehler, Walker",FC,180,0.028,-0.093,-0.052,-0.034
"Sale, Chris",FF,373,0.028,0.152,0.014,0.09
"Fedde, Erick",FC,271,0.028,-0.076,-0.033,-0.051
"Hendricks, Kyle",CH,504,0.028,-0.08,-0.114,-0.065
"Webb, Jacob",FF,217,0.028,0.083,0.005,-0.004
"Leiter, Jack",FF,484,0.028,-0.022,-0.033,-0.048
"Eflin, Zach",CH,101,0.027,0.101,-0.169,-0.181
"Jacob, Alek",FF,108,0.027,0.134,-0.052,0.158
"Horton, Cade",ST,194,0.026,0.026,-0.096,0.04
"Erceg, Lucas",SL,120,0.026,0.092,-0.142,0.084
"Harrison, Kyle",FF,179,0.026,0.215,0.138,0.086
"Rutledge, Jackson",SI,188,0.025,-0.162,0.067,0.03
"Kelly, Merrill",CH,417,0.025,-0.094,-0.01,-0.192
"Houser, Adrian",CH,138,0.025,0.096,-0.114,0.028
"Mahle, Tyler",FF,302,0.025,-0.127,-0.045,-0.069
"Nelson, Ryne",FF,812,0.025,-0.02,0.053,-0.059
"Anderson, Grant",ST,183,0.024,-0.089,-0.211,-0.07
"Gallen, Zac",FF,539,0.023,0.059,-0.061,0.02
"Weaver, Luke",CH,162,0.023,0.034,-0.035,0.022
"Milner, Hoby",SI,150,0.023,0.269,-0.019,0.089
"Jackson, Luke",FF,102,0.022,0.057,0.011,0.134
"Holton, Tyler",SI,112,0.022,0.103,-0.077,0.02
"Ashby, Aaron",SI,241,0.022,-0.01,0.037,0.061
"Rodríguez, Randy",SL,195,0.022,0.096,-0.034,0.084
"Bibee, Tanner",ST,174,0.021,-0.162,-0.092,-0.187
"Rodríguez, Randy",FF,195,0.021,0.086,0.088,0.037
"Morillo, Juan",FF,133,0.02,-0.122,-0.072,-0.121
"Helsley, Ryan",FF,219,0.02,-0.058,-0.032,-0.007
"Warren, Will",SI,236,0.02,0.019,-0.021,0.087
"Bibee, Tanner",FC,287,0.019,0.017,-0.098,0.074
"Scott, Tayler",FF,102,0.018,-0.1,0.018,-0.003
"Blewett, Scott",SL,154,0.018,-0.184,-0.138,-0.053
"Miller, Bryce",FS,114,0.017,0.034,-0.136,-0.114
"Patrick, Chad",FC,429,0.017,-0.052,0.177,-0.048
"Bednar, David",FF,248,0.017,-0.113,0.058,-0.071
"Jobe, Jackson",SL,103,0.016,0.059,0.01,-0.055
"Singer, Brady",SI,392,0.016,0.006,0.047,0.011
"Irvin, Jake",SI,283,0.016,0.093,-0.139,0.101
"Walker, Taijuan",FC,248,0.016,-0.013,-0.002,-0.002
"Lorenzen, Michael",SI,172,0.016,0.048,-0.004,0.002
"Armstrong, Shawn",SI,110,0.015,0.016,0.092,-0.081
"Montero, Keider",FF,202,0.014,0.011,0.061,-0.058
"Morton, Charlie",CH,123,0.014,0.233,0.017,0.039
"Ray, Robbie",FF,785,0.014,-0.105,0.048,-0.01
"Blewett, Scott",FF,103,0.014,-0.017,0.024,0.022
"Skenes, Paul",ST,184,0.014,-0.068,-0.204,-0.02
"Petersen, Michael",FF,115,0.013,-0.141,0.033,-0.095
"Williams, Trevor",ST,147,0.013,0.274,0.108,0.063
"Cameron, Noah",CH,183,0.013,0.107,0.094,0.235
"Enns, Dietrich",FF,191,0.013,-0.047,-0.032,-0.054
"Bender, Anthony",ST,131,0.012,0.039,-0.065,-0.029
"Hendricks, Kyle",SI,445,0.012,0.054,-0.03,0.022
"Dollander, Chase",CU,131,0.012,-0.125,-0.119,0.086
"Wilson, Steven",FF,144,0.012,-0.002,-0.009,-0.012
"Bellozo, Valente",FF,185,0.012,-0.116,0.057,-0.176
"Iglesias, Raisel",CH,148,0.012,-0.054,-0.146,-0.123
"Allard, Kolby",FF,179,0.011,-0.041,0.075,0.281
"Kikuchi, Yusei",CH,164,0.011,0.07,0.323,0.056
"Kolek, Stephen",FF,167,0.011,0.062,-0.055,0.034
"Eisert, Brandon",CH,155,0.01,-0.013,0.16,0.041
"Latz, Jacob",CH,149,0.01,0.084,0.414,0.184
"Dollander, Chase",FF,406,0.009,0.03,0.023,-0.045
"Montgomery, Mason",SL,144,0.009,-0.17,0.242,-0.105
"Brash, Matt",SL,245,0.009,0.016,0.086,-0.077
"Birdsong, Hayden",FF,219,0.009,-0.045,0.013,-0.034
"Burke, Brock",FF,211,0.009,-0.005,0.184,0.042
"Clase, Emmanuel",FC,214,0.009,0.11,0.134,-0.07
"Houck, Tanner",SI,127,0.009,-0.032,0.044,0.034
"Luzardo, Jesús",ST,355,0.009,0.183,-0.004,0.097
"Chivilli, Angel",FF,207,0.009,0.067,-0.075,0.023
"Kahnle, Tommy",CH,375,0.009,-0.039,-0.123,-0.035
"Cecconi, Slade",CU,115,0.009,-0.113,0.09,-0.015
"Seymour, Ian",FF,155,0.008,-0.058,0.023,0.07
"Cannon, Jonathan",FF,179,0.008,-0.135,-0.089,-0.119
"Garrett, Reed",SI,103,0.008,-0.083,0.102,-0.112
"Wrobleski, Justin",FF,177,0.008,-0.244,0.004,-0.028
"Bradley, Taj",FF,424,0.008,-0.046,0.04,-0.055
"Lee, Dylan",FF,151,0.007,0.063,0.012,0.039
"Williams, Gavin",FF,520,0.007,-0.071,-0.104,-0.052
"Bello, Brayan",FF,210,0.005,-0.035,0.035,-0.049
"Bautista, Félix",SI,153,0.005,-0.055,0.384,-0.003
"Dreyer, Jack",FF,241,0.004,0.046,0.286,0.114
"Paddack, Chris",FF,564,0.004,-0.163,-0.023,-0.071
"Alexander, Jason",CH,202,0.004,0.132,-0.156,0.206
"Bubic, Kris",ST,129,0.004,0.021,0.066,-0.002
"Lopez, Jacob",FC,107,0.004,-0.082,-0.018,0.05
"Okert, Steven",SL,301,0.003,0.213,0.217,0.313
"Seymour, Ian",CH,157,0.003,-0.053,0.099,0.046
"Bummer, Aaron",CU,124,0.003,0.041,0.281,-0.043
"Wentz, Joey",FF,366,0.003,-0.001,-0.071,-0.016
"Fairbanks, Pete",FF,257,0.002,0.027,-0.004,0.142
"Williams, Devin",FF,241,0.002,-0.044,0.105,0.001
"Allen, Logan",SI,137,0.001,0.186,0.042,0.063
"Svanson, Matt",SI,183,0.001,0.029,0.023,0.019
"Sugano, Tomoyuki",FF,217,0.001,-0.045,0.107,-0.036
"Armstrong, Shawn",FF,158,0.001,-0.048,-0.176,-0.04
"Ashcraft, Braxton",FF,158,0.001,-0.038,0.02,-0.067
"Mlodzinski, Carmen",FF,257,-0.0,-0.023,-0.046,-0.089
"Civale, Aaron",SI,128,-0.001,-0.058,0.115,0.048
"Leiter, Jack",SI,142,-0.001,0.014,0.162,0.019
"Lorenzen, Michael",CH,195,-0.001,0.228,0.019,0.263
"Festa, David",FF,141,-0.001,0.242,-0.072,0.034
"Smith, Shane",FF,534,-0.002,-0.033,-0.078,-0.035
"Quantrill, Cal",FC,201,-0.003,-0.051,0.013,0.022
"Myers, Tobias",FF,193,-0.003,0.017,0.084,-0.028
"Fedde, Erick",ST,234,-0.003,-0.014,-0.063,-0.087
"Kelly, Merrill",FC,239,-0.004,-0.07,-0.029,-0.12
"Anderson, Grant",SI,113,-0.004,-0.037,-0.141,0.115
"Thielbar, Caleb",FF,209,-0.004,0.163,0.117,0.258
"Johnson, Pierce",CU,239,-0.005,0.141,0.029,0.058
"Cabrera, Edward",SL,173,-0.005,0.167,-0.098,0.186
"Blalock, Bradley",FF,224,-0.006,0.09,0.081,-0.03
"Yamamoto, Yoshinobu",FC,195,-0.006,-0.085,-0.033,-0.276
"Hoffman, Jeff",FF,245,-0.006,0.108,-0.0,0.109
"Canning, Griffin",FF,161,-0.006,-0.075,-0.038,-0.045
"Singer, Brady",FF,124,-0.007,0.048,-0.064,0.08
"Kremer, Dean",CU,126,-0.007,0.056,-0.134,0.025
"Henriquez, Ronny",SL,134,-0.008,0.176,0.083,0.132
"Gray, Sonny",FF,262,-0.008,0.218,-0.313,0.132
"Suarez, Ranger",FC,210,-0.009,0.188,-0.146,0.177
"Kikuchi, Yusei",CU,151,-0.009,-0.098,-0.076,-0.057
"Keller, Mitch",FF,483,-0.01,-0.108,-0.011,-0.118
"Nola, Aaron",FF,198,-0.01,0.027,-0.024,0.102
"Senga, Kodai",FF,255,-0.01,-0.02,0.065,-0.051
"Díaz, Edwin",SL,215,-0.01,0.066,-0.011,0.002
"Pivetta, Nick",ST,237,-0.01,-0.106,0.214,0.093
"Junis, Jakob",SL,176,-0.011,0.023,-0.087,-0.137
"King, Michael",SI,118,-0.011,0.103,-0.013,0.166
"Wacha, Michael",FC,169,-0.011,0.119,-0.046,-0.079
"Bibee, Tanner",SI,192,-0.011,-0.062,-0.157,-0.008
"Evans, Logan",FC,139,-0.012,-0.095,-0.266,0.021
"Okert, Steven",FF,202,-0.012,0.089,-0.003,0.02
"Hancock, Emerson",FF,206,-0.012,-0.067,-0.221,-0.022
"Springs, Jeffrey",FF,486,-0.014,-0.106,0.021,-0.004
"Bido, Osvaldo",FF,246,-0.014,-0.07,-0.103,-0.004
"Lorenzen, Michael",FF,211,-0.014,-0.101,-0.023,-0.097
"Uribe, Abner",SI,262,-0.014,0.068,0.08,-0.02
"Fried, Max",CU,153,-0.014,-0.109,-0.075,-0.021
"King, John",SI,210,-0.014,0.113,-0.112,-0.032
"Eisert, Brandon",SL,206,-0.014,-0.068,-0.1,-0.148
"Eovaldi, Nathan",FC,167,-0.014,0.017,-0.08,-0.108
"Sánchez, Cristopher",CH,564,-0.015,-0.097,-0.036,-0.01
"Eovaldi, Nathan",CU,135,-0.015,-0.004,-0.081,0.266
"Pfaadt, Brandon",ST,238,-0.015,-0.099,-0.113,-0.161
"Pressly, Ryan",FF,117,-0.015,-0.203,-0.12,-0.126
"Boyle, Joe",SL,147,-0.015,-0.02,0.057,-0.07
"Mize, Casey",FF,346,-0.016,-0.105,-0.018,-0.122
"Gusto, Ryan",FF,377,-0.016,0.028,-0.108,0.026
"Chapman, Aroldis",SI,168,-0.017,-0.168,0.588,-0.029
"Nelson, Ryne",CU,103,-0.018,-0.088,-0.058,-0.065
"Fluharty, Mason",ST,149,-0.018,-0.111,0.181,-0.083
"Matthews, Zebby",SL,187,-0.018,-0.135,0.1,-0.244
"Cleavinger, Garrett",SL,152,-0.018,0.103,-0.041,0.098
"Heaney, Andrew",CH,159,-0.018,-0.051,0.286,0.059
"Gaddis, Hunter",SL,271,-0.018,-0.059,0.068,-0.059
"Bibee, Tanner",FF,344,-0.018,-0.001,-0.028,-0.068
"Birdsong, Hayden",SL,137,-0.019,-0.145,0.216,-0.09
"Woods Richardson, Simeon",SL,221,-0.019,-0.028,-0.054,-0.031
"Rea, Colin",ST,121,-0.019,-0.109,0.044,-0.175
"Clase, Emmanuel",SL,110,-0.019,-0.053,0.122,-0.031
"Cecconi, Slade",FF,404,-0.019,0.051,-0.043,0.006
"Sánchez, Cristopher",SI,579,-0.019,-0.011,0.048,-0.026
"Ryan, Joe",ST,136,-0.019,-0.137,-0.103,0.093
"Springs, Jeffrey",SL,233,-0.02,0.192,0.08,0.148
"Irvin, Jake",FF,422,-0.02,-0.015,-0.018,-0.021
"Morton, Charlie",FF,295,-0.02,-0.042,-0.131,-0.092
"Lauer, Eric",FC,142,-0.02,0.009,0.087,0.128
"Soto, Gregory",SI,203,-0.02,-0.036,0.05,-0.165
"Burrows, Mike",CH,192,-0.021,0.136,0.061,0.225
"Burke, Brock",CH,116,-0.021,-0.025,0.197,0.036
"Priester, Quinn",SI,406,-0.021,-0.014,-0.082,-0.079
"Pallante, Andre",SL,332,-0.021,-0.121,-0.117,-0.079
"Ureña, José",CH,102,-0.022,0.01,-0.024,0.048
"Cabrera, Edward",CU,180,-0.022,-0.208,-0.206,-0.04
"Weathers, Ryan",FF,141,-0.022,0.086,0.125,-0.091
"Ober, Bailey",CH,347,-0.022,0.038,-0.045,0.072
"Warren, Will",ST,198,-0.022,-0.094,-0.187,-0.122
"Abbott, Andrew",ST,230,-0.023,-0.016,0.027,-0.047
"Schwellenbach, Spencer",SL,141,-0.023,-0.012,-0.038,-0.092
"Verlander, Justin",SL,324,-0.023,-0.081,0.027,-0.098
"Fried, Max",ST,104,-0.024,0.055,0.107,0.214
"Bazardo, Eduard",SI,216,-0.024,-0.035,0.12,0.064
"Vásquez, Randy",SI,189,-0.024,-0.087,-0.028,-0.034
"Quantrill, Cal",SI,179,-0.024,-0.001,0.058,-0.007
"Rodríguez, Manuel",SL,103,-0.025,0.086,-0.021,-0.069
"Vest, Will",FF,281,-0.025,-0.067,0.006,-0.1
"Lynch IV, Daniel",SL,136,-0.025,-0.063,-0.077,-0.095
"Blanco, Ronel",FF,108,-0.025,0.147,0.076,0.006
"Sears, JP",FF,436,-0.026,0.055,0.086,0.109
"Buehler, Walker",SI,134,-0.026,-0.134,-0.131,-0.097
"Liberatore, Matthew",SL,274,-0.026,0.031,0.096,0.058
"Keller, Mitch",SL,209,-0.026,0.055,0.024,-0.022
"Gordon, Tanner",CH,149,-0.026,0.114,-0.159,0.01
"Cecconi, Slade",SL,166,-0.027,-0.112,-0.083,-0.045
"Lodolo, Nick",SI,240,-0.027,0.075,-0.048,0.028
"Nelson, Ryne",FC,102,-0.027,-0.078,-0.07,-0.093
"Valdez, Framber",SI,543,-0.028,-0.07,-0.014,-0.104
"Severino, Luis",FC,196,-0.028,-0.062,0.011,-0.123
"Hurter, Brant",SI,227,-0.029,-0.046,-0.068,-0.014
"Loáisiga, Jonathan",SI,133,-0.029,-0.027,-0.093,0.067
"Ort, Kaleb",FF,194,-0.029,-0.137,0.04,-0.186
"Gore, MacKenzie",FF,709,-0.029,-0.11,0.045,-0.03
"Varland, Louis",FF,275,-0.03,0.09,0.031,-0.073
"King, Michael",CH,130,-0.03,-0.17,-0.147,-0.095
"Baz, Shane",FC,177,-0.03,-0.062,0.015,-0.117
"Glasnow, Tyler",SI,129,-0.031,-0.093,0.268,-0.02
"Pérez, Martín",SI,108,-0.031,0.1,-0.218,0.11
"Verlander, Justin",CU,112,-0.031,-0.134,-0.135,-0.027
"Banda, Anthony",SL,237,-0.032,0.054,0.097,0.054
"Bubic, Kris",FF,320,-0.032,-0.031,-0.097,-0.042
"Suarez, Ranger",FF,143,-0.032,0.018,-0.058,0.051
"Gausman, Kevin",FS,407,-0.032,-0.088,0.036,-0.072
"Kirby, George",ST,249,-0.033,0.322,-0.005,0.196
"Priester, Quinn",FC,223,-0.033,-0.036,0.095,-0.103
"Luzardo, Jesús",FF,474,-0.034,-0.101,0.02,-0.064
"Burke, Sean",SL,254,-0.034,-0.164,0.135,-0.1
"Littell, Zack",FS,258,-0.034,-0.081,-0.064,-0.131
"Pallante, Andre",FF,537,-0.035,0.173,0.037,-0.03
"Woo, Bryan",FF,717,-0.036,-0.089,-0.002,-0.071
"Hendricks, Kyle",FF,153,-0.036,0.168,-0.224,0.104
"Allen, Logan",FF,389,-0.037,0.008,-0.016,0.012
"Peralta, Freddy",SL,142,-0.038,0.256,-0.098,0.252
"Snell, Blake",CH,191,-0.038,-0.042,0.079,-0.062
"McGreevy, Michael",SI,151,-0.038,0.132,-0.16,0.112
"Rea, Colin",FF,511,-0.038,-0.034,-0.133,-0.135
"Richardson, Lyon",CH,123,-0.038,0.033,-0.155,0.041
"Smith, Shane",CH,179,-0.038,0.01,-0.077,-0.13
"Henry, Cole",ST,100,-0.039,0.066,-0.228,0.062
"Buttó, José",FF,139,-0.039,-0.021,-0.099,-0.123
"Anderson, Tyler",FC,192,-0.039,0.073,0.194,0.056
"Canning, Griffin",SL,192,-0.039,0.04,0.085,-0.063
"Dobbins, Hunter",FF,171,-0.04,-0.128,-0.126,-0.061
"Patrick, Chad",FF,240,-0.04,-0.097,0.088,-0.005
"Ryan, Joe",SL,107,-0.041,-0.017,-0.067,-0.074
"Williams, Trevor",FF,327,-0.041,0.155,-0.061,0.055
"Nola, Aaron",CH,112,-0.041,-0.089,-0.138,-0.238
"Beck, Tristan",FF,112,-0.041,0.048,0.059,-0.08
"Gil, Luis",SL,110,-0.041,-0.09,0.086,-0.052
"Soriano, José",SI,599,-0.042,-0.125,-0.049,-0.182
"Hernández, Daysbel",SL,170,-0.042,-0.068,0.002,-0.096
"Glasnow, Tyler",FF,268,-0.042,0.029,-0.028,-0.023
"Beeks, Jalen",FF,238,-0.043,-0.021,-0.16,0.024
"Walker, Taijuan",SL,112,-0.043,-0.115,0.009,-0.075
"Martin, Davis",FF,361,-0.043,-0.132,-0.035,-0.103
"Kremer, Dean",FF,335,-0.043,-0.034,-0.021,-0.044
"Kremer, Dean",FS,204,-0.044,0.187,0.094,0.205
"Brzykcy, Zach",FF,130,-0.044,-0.047,0.119,-0.036
"Bradley, Taj",FS,109,-0.044,-0.255,0.191,-0.191
"Giolito, Lucas",SL,264,-0.044,-0.008,0.011,-0.055
"Valdez, Framber",CH,231,-0.044,0.094,-0.036,0.023
"Sheehan, Emmet",FF,308,-0.045,-0.058,-0.093,0.046
"Curtiss, John",FF,157,-0.045,0.012,0.043,-0.022
"Kolek, Stephen",SI,188,-0.045,-0.248,-0.114,-0.163
"Pepiot, Ryan",SL,229,-0.045,0.122,0.129,0.156
"Jax, Griffin",CH,130,-0.045,-0.298,0.045,-0.303
"Enns, Dietrich",CH,122,-0.045,0.236,-0.029,0.171
"Patrick, Chad",SI,193,-0.045,-0.103,0.064,-0.08
"Morales, Luis",FF,193,-0.045,-0.011,0.007,0.031
"Greene, Hunter",FF,553,-0.045,-0.048,-0.039,-0.081
"Jobe, Jackson",FF,116,-0.046,0.031,0.079,-0.069
"Ohtani, Shohei",ST,112,-0.046,0.046,-0.072,0.214
"Fermin, José",SL,125,-0.046,-0.1,0.05,0.036
"Morton, Charlie",CU,373,-0.046,0.002,-0.099,-0.057
"Priester, Quinn",SL,332,-0.046,-0.044,-0.09,-0.091
"Beck, Tristan",ST,111,-0.046,-0.056,-0.041,-0.16
"Singer, Brady",SL,377,-0.047,-0.067,-0.008,-0.138
"Bubic, Kris",CH,178,-0.047,0.011,-0.08,0.224
"Festa, Matt",ST,137,-0.047,0.034,0.071,-0.017
"Strider, Spencer",FF,509,-0.048,-0.032,-0.095,-0.06
"Hill, Tim",SI,385,-0.048,0.102,-0.056,0.09
"Webb, Logan",CH,387,-0.049,0.036,-0.013,-0.119
"Wrobleski, Justin",SL,148,-0.049,0.379,0.142,0.308
"Taillon, Jameson",FF,359,-0.049,0.028,0.038,0.012
"Castillo, Luis",FF,798,-0.049,-0.054,-0.091,-0.006
"Kochanowicz, Jack",FF,155,-0.049,-0.043,0.012,-0.014
"Peterson, David",SI,299,-0.05,-0.001,-0.012,-0.107
"Wheeler, Zack",FF,507,-0.05,-0.148,-0.161,-0.085
"Wilson, Justin",FF,185,-0.05,-0.112,0.056,-0.11
"Singer, Brady",FC,104,-0.05,0.096,-0.196,-0.058
"Povich, Cade",FF,296,-0.05,-0.024,0.04,-0.028
"Burrows, Mike",FF,278,-0.051,0.075,-0.038,0.096
"Herget, Jimmy",ST,174,-0.051,-0.005,0.004,0.091
"Cano, Yennier",SI,190,-0.051,-0.083,-0.082,-0.015
"Manaea, Sean",ST,135,-0.051,0.193,0.149,0.438
"Povich, Cade",CH,104,-0.052,-0.008,0.046,-0.031
"Abbott, Andrew",FF,571,-0.052,-0.03,0.088,0.011
"Cameron, Noah",FC,201,-0.053,0.041,-0.213,0.141
"Luzardo, Jesús",CH,260,-0.053,-0.088,0.009,-0.069
"Pfaadt, Brandon",FF,309,-0.053,0.011,-0.053,-0.078
"Suarez, Robert",CH,116,-0.053,-0.227,-0.132,-0.113
"Rodón, Carlos",CH,239,-0.054,-0.123,0.034,-0.041
"Eovaldi, Nathan",FF,176,-0.054,0.107,-0.051,0.02
"Suarez, Robert",FF,369,-0.054,-0.171,-0.042,-0.129
"Megill, Tylor",SI,102,-0.055,-0.208,-0.022,-0.002
"López, Pablo",CH,121,-0.055,-0.147,-0.165,-0.173
"Luzardo, Jesús",SI,153,-0.055,-0.116,-0.271,-0.117
"Verlander, Justin",FF,556,-0.056,-0.03,0.033,-0.02
"Long, Sam",FF,131,-0.056,0.063,0.017,0.073
"Fedde, Erick",SI,289,-0.056,-0.166,0.089,-0.089
"Allen, Logan",CH,224,-0.056,0.033,0.089,-0.012
"Bachar, Lake",FF,197,-0.056,0.107,-0.035,0.093
"Dodd, Dylan",FC,150,-0.057,0.267,0.168,0.178
"Adam, Jason",FF,106,-0.057,0.079,0.289,0.07
"Baker, Bryan",CH,131,-0.057,0.076,0.093,0.099
"Soroka, Michael",FF,338,-0.057,0.031,-0.022,-0.094
"Freeland, Kyle",ST,150,-0.057,-0.046,0.073,-0.11
"Booser, Cam",FF,134,-0.057,0.036,0.061,0.015
"Ginn, J.T.",SL,169,-0.057,-0.033,-0.105,-0.195
"Chapman, Aroldis",FF,207,-0.058,-0.043,-0.045,-0.153
"Littell, Zack",FF,324,-0.059,-0.126,-0.002,-0.088
"Cameron, Noah",SL,158,-0.059,0.033,0.024,0.122
"Casparius, Ben",ST,180,-0.059,-0.134,0.071,-0.191
"Quantrill, Cal",FS,126,-0.06,-0.138,0.019,-0.159
"Hoffman, Jeff",FS,114,-0.06,0.021,0.203,0.053
"Quintana, Jose",CH,192,-0.06,-0.111,0.043,0.034
"Smith, Shane",SI,135,-0.06,-0.082,-0.051,-0.066
"Skenes, Paul",FS,138,-0.06,0.018,-0.277,-0.085
"Young, Brandon",FF,195,-0.06,-0.067,-0.122,-0.039
"Thompson, Ryan",SI,148,-0.061,-0.088,0.164,-0.035
"Matthews, Zebby",FF,283,-0.061,-0.139,-0.037,-0.16
"Gore, MacKenzie",SL,167,-0.061,0.045,0.358,-0.031
"Keller, Brad",FF,216,-0.062,-0.085,-0.174,-0.135
"Liberatore, Matthew",FF,328,-0.062,-0.062,0.046,-0.008
"Suarez, Ranger",SI,237,-0.062,0.024,-0.14,0.01
"Parker, Mitchell",FF,740,-0.063,-0.067,0.068,0.001
"De Los Santos, Enyel",FF,262,-0.063,-0.097,-0.051,-0.106
"Vasil, Mike",SI,257,-0.063,-0.017,-0.135,-0.106
"Kershaw, Clayton",FF,209,-0.063,0.206,0.064,0.193
"Jansen, Kenley",FC,342,-0.063,-0.192,0.043,-0.188
"Alexander, Tyler",CH,109,-0.063,0.048,-0.09,0.157
"Imanaga, Shota",FS,189,-0.063,-0.038,-0.105,0.046
"Nola, Aaron",SI,115,-0.064,0.12,-0.089,0.118
"Leiter, Jack",CH,169,-0.064,-0.078,-0.004,-0.046
"Cruz, Steven",FF,136,-0.064,0.027,-0.117,0.031
"Houser, Adrian",SI,411,-0.064,-0.076,-0.094,-0.074
"Heaney, Andrew",FF,423,-0.064,0.023,-0.059,0.093
"Spence, Mitch",SL,174,-0.065,-0.123,-0.128,-0.179
"Civale, Aaron",FF,111,-0.065,-0.02,0.116,-0.07
"Gordon, Colton",FF,305,-0.065,-0.052,0.054,0.068
"Gray, Sonny",SI,211,-0.066,-0.027,-0.124,-0.047
"Suarez, Ranger",CU,123,-0.067,0.06,-0.005,-0.058
"Nicolas, Kyle",FF,161,-0.067,-0.024,0.2,-0.057
"Kelly, Merrill",FF,263,-0.067,0.187,-0.191,0.04
"Schmidt, Clarke",FC,222,-0.067,-0.105,0.093,0.034
"Ferguson, Tyler",ST,100,-0.068,-0.145,-0.041,-0.254
"Lugo, Seth",SI,142,-0.068,0.033,0.005,0.074
"Barlow, Scott",FF,122,-0.068,0.231,-0.084,0.132
"Holmes, Grant",CU,109,-0.068,0.136,0.016,0.072
"Hanifee, Brenan",SI,249,-0.068,-0.053,-0.109,-0.079
"Sugano, Tomoyuki",ST,213,-0.069,-0.134,-0.095,-0.159
"Houser, Adrian",SL,137,-0.07,-0.125,-0.011,0.018
"Martin, Davis",SL,228,-0.07,-0.194,-0.004,-0.178
"Elder, Bryce",CH,124,-0.07,-0.124,-0.043,-0.218
"Vargas, Carlos",SL,108,-0.07,-0.007,0.199,0.085
"Cannon, Jonathan",SI,161,-0.07,-0.063,0.047,-0.076
"Fermin, José",FF,137,-0.07,-0.188,0.007,-0.098
"Mlodzinski, Carmen",SL,110,-0.071,-0.016,-0.045,-0.044
"Webb, Jacob",CH,172,-0.071,0.084,0.04,0.02
"Abel, Mick",FF,153,-0.071,0.016,-0.1,-0.053
"Berríos, José",CH,229,-0.071,-0.041,-0.111,-0.081
"Topa, Justin",SI,147,-0.072,0.031,-0.016,-0.038
"Mikolas, Miles",SI,205,-0.073,-0.096,0.062,0.051
"Glasnow, Tyler",SL,165,-0.073,-0.066,0.132,-0.081
"Anderson, Grant",FF,194,-0.073,-0.099,-0.062,-0.067
"Reynolds, Sean",FF,111,-0.074,-0.094,-0.013,-0.069
"Mikolas, Miles",CU,121,-0.074,-0.018,-0.115,-0.004
"Fitts, Richard",SL,107,-0.075,-0.107,-0.056,-0.112
"Miller, Bryce",FF,380,-0.075,-0.069,-0.025,-0.058
"Stanek, Ryne",FF,338,-0.075,-0.171,0.1,-0.133
"Ortiz, Luis",FF,181,-0.076,-0.024,-0.089,-0.064
"Walter, Brandon",FC,103,-0.076,0.031,0.2,0.022
"Ray, Robbie",CH,145,-0.076,-0.058,-0.082,0.021
"Burns, Chase",FF,233,-0.076,-0.121,-0.124,-0.194
"Weissert, Greg",FF,217,-0.077,-0.063,-0.061,-0.068
"Adam, Jason",CH,171,-0.077,-0.17,-0.051,-0.227
"Sheehan, Emmet",SL,205,-0.077,-0.099,-0.026,-0.033
"Woodruff, Brandon",FF,158,-0.077,0.116,0.051,0.082
"García, Luis",SI,169,-0.077,-0.248,-0.023,-0.238
"Perkins, Jack",FF,114,-0.077,-0.158,0.051,-0.161
"Banks, Tanner",SL,193,-0.077,0.323,-0.027,0.604
"Peralta, Freddy",CU,152,-0.077,-0.004,0.065,0.027
"Martinez, Nick",FF,271,-0.078,-0.054,-0.025,-0.014
"Kikuchi, Yusei",FF,498,-0.078,0.026,0.113,-0.025
"Smith-Shawver, AJ",FF,144,-0.078,0.028,-0.064,-0.108
"Bellozo, Valente",FC,194,-0.078,-0.077,-0.049,0.002
"Tonkin, Michael",FF,104,-0.078,0.074,0.005,-0.033
"Faucher, Calvin",FC,167,-0.078,-0.027,-0.142,-0.056
"Wentz, Joey",SL,223,-0.078,-0.011,0.021,-0.071
"Finnegan, Kyle",FF,255,-0.078,-0.145,-0.075,-0.125
"Gilbert, Logan",SL,370,-0.079,-0.006,-0.065,-0.037
"Flaherty, Jack",FF,597,-0.079,0.003,-0.13,-0.019
"Bello, Brayan",FC,181,-0.079,0.262,-0.131,0.216
"Flexen, Chris",FF,136,-0.08,-0.051,0.188,-0.102
"Holmes, Grant",FF,246,-0.08,0.003,-0.128,-0.015
"Lee, Dylan",SL,310,-0.08,0.027,0.021,0.183
"Ginn, J.T.",SI,304,-0.081,-0.001,-0.11,0.06
"Williams, Devin",CH,305,-0.081,-0.086,0.0,-0.088
"Gordon, Colton",ST,161,-0.081,-0.049,0.08,0.164
"Uceta, Edwin",CH,235,-0.082,-0.091,-0.069,-0.174
"Salazar, Eduardo",SI,111,-0.082,-0.259,0.019,-0.135
"Gausman, Kevin",FF,925,-0.082,-0.062,0.06,-0.154
"Alexander, Tyler",ST,136,-0.082,-0.014,-0.059,-0.149
"Pagán, Emilio",FF,328,-0.084,0.075,0.014,0.051
"Herget, Jimmy",SL,160,-0.084,0.032,-0.138,-0.168
"Henderson, Logan",FF,111,-0.084,0.028,-0.046,0.013
"Scott, Tanner",FF,261,-0.084,-0.024,0.186,-0.045
"Kirby, George",SI,267,-0.084,-0.131,0.149,-0.063
"Sugano, Tomoyuki",FC,120,-0.084,-0.131,-0.285,-0.21
"deGrom, Jacob",FF,658,-0.084,-0.067,-0.116,-0.127
"Lauer, Eric",FF,441,-0.084,-0.154,-0.081,-0.085
"Littell, Zack",SL,387,-0.084,-0.023,0.072,-0.015
"Green, Chad",FF,191,-0.085,0.103,0.022,-0.022
"Leiter Jr., Mark",SI,129,-0.085,0.019,0.086,-0.087
"King, Bryan",ST,114,-0.085,0.076,0.386,0.185
"Scherzer, Max",SL,220,-0.086,0.051,-0.104,-0.013
"Cannon, Jonathan",FC,175,-0.086,-0.08,-0.052,-0.066
"Cabrera, Edward",CH,267,-0.086,-0.12,-0.121,-0.194
"Stroman, Marcus",SI,117,-0.086,0.14,0.072,0.096
"Buttó, José",SL,160,-0.086,-0.018,-0.004,-0.118
"Bivens, Spencer",FC,142,-0.087,-0.133,0.042,-0.154
"Yates, Kirby",FF,224,-0.087,-0.071,0.014,-0.179
"Webb, Logan",ST,288,-0.088,0.097,0.042,0.027
"Crochet, Garrett",FC,407,-0.088,0.021,-0.103,0.053
"Montero, Keider",SI,125,-0.088,0.044,0.062,-0.029
"Fried, Max",SI,269,-0.088,-0.076,-0.007,-0.072
"Peralta, Wandy",SI,201,-0.089,-0.069,0.044,-0.031
"Ober, Bailey",SL,210,-0.089,-0.137,-0.076,-0.07
"Horton, Cade",FF,410,-0.089,-0.029,-0.049,-0.123
"Lopez, Jacob",SL,236,-0.09,0.062,0.04,0.233
"Castillo, José",SL,123,-0.09,-0.05,0.063,-0.139
"Ross, Joe",FF,143,-0.09,-0.106,-0.185,-0.173
"Granillo, Andre",SL,106,-0.09,-0.14,-0.066,0.056
"Sousa, Bennett",FF,140,-0.091,-0.144,0.059,-0.181
"Milner, Hoby",ST,110,-0.092,0.216,0.051,0.093
"Gray, Sonny",CU,156,-0.092,0.028,-0.126,-0.149
"Skubal, Tarik",SL,177,-0.093,0.234,0.198,0.223
"Castillo, Luis",CH,146,-0.093,0.017,-0.102,-0.11
"Walker, Taijuan",FS,141,-0.094,-0.15,-0.101,-0.071
"Martinez, Nick",FC,240,-0.094,-0.105,-0.053,-0.115
"Heaney, Andrew",SL,159,-0.094,-0.023,-0.065,-0.035
"Gordon, Tanner",FF,336,-0.094,0.219,0.098,0.06
"Boyd, Matthew",FF,725,-0.095,-0.006,-0.058,-0.036
"Burnes, Corbin",FC,214,-0.096,-0.133,0.096,-0.283
"Olson, Reese",CH,139,-0.096,-0.073,0.058,-0.166
"Berríos, José",FF,194,-0.097,-0.059,-0.051,-0.093
"Evans, Logan",ST,115,-0.097,-0.07,0.066,-0.121
"Bello, Brayan",SI,375,-0.098,-0.073,0.006,-0.081
"Quintana, Jose",SI,373,-0.098,-0.12,-0.053,-0.107
"Melton, Troy",FF,168,-0.098,-0.062,-0.062,-0.121
"Akin, Keegan",CH,100,-0.098,-0.15,0.125,-0.211
"Holmes, Clay",SL,121,-0.098,-0.049,-0.159,-0.114
"Lodolo, Nick",CH,273,-0.098,-0.003,-0.037,0.017
"Ober, Bailey",FF,411,-0.099,0.241,-0.038,0.056
"Severino, Luis",ST,241,-0.099,-0.063,-0.044,-0.134
"Morton, Charlie",SI,157,-0.1,-0.054,-0.042,-0.064
"Knack, Landon",FF,167,-0.1,0.028,-0.092,-0.017
"Alcantara, Sandy",SI,342,-0.101,-0.122,-0.102,-0.151
"Yamamoto, Yoshinobu",FS,288,-0.101,-0.03,0.007,-0.07
"Gilbert, Tyler",SI,113,-0.102,0.058,0.097,0.144
"Warren, Will",FF,539,-0.102,0.007,-0.052,-0.061
"Junis, Jakob",CH,102,-0.102,-0.026,-0.052,-0.15
"Alcantara, Sandy",SL,200,-0.103,-0.006,-0.11,-0.139
"Alcantara, Sandy",FC,186,-0.103,0.068,-0.004,0.059
"Boyle, Joe",FF,192,-0.103,-0.082,0.079,-0.102
"Ortiz, Luis",SI,136,-0.103,-0.217,-0.048,-0.154
"Woods Richardson, Simeon",FF,405,-0.103,-0.035,0.02,-0.109
"McGreevy, Michael",ST,103,-0.104,-0.102,-0.223,-0.061
"Roupp, Landen",CU,251,-0.104,0.024,-0.098,-0.035
"Roupp, Landen",SI,248,-0.104,-0.077,-0.008,-0.169
"Allard, Kolby",CH,102,-0.104,0.014,0.099,0.078
"Kochanowicz, Jack",CH,140,-0.104,0.021,-0.223,-0.089
"Wilson, Steven",ST,238,-0.104,-0.125,-0.239,-0.137
"Latz, Jacob",FF,344,-0.104,-0.069,0.15,-0.049
"Peterson, David",SL,263,-0.105,-0.082,0.085,-0.18
"Canning, Griffin",CH,157,-0.106,-0.156,-0.143,-0.147
"Lord, Brad",SL,162,-0.106,0.029,-0.275,-0.057
"Vest, Will",SL,118,-0.106,-0.144,0.081,-0.172
"Gordon, Tanner",SL,146,-0.107,-0.073,-0.058,-0.146
"Bergert, Ryan",FF,267,-0.107,-0.053,-0.003,-0.049
"Francis, Bowden",FF,320,-0.107,0.039,-0.027,-0.056
"Gil, Luis",FF,239,-0.107,0.024,-0.051,0.038
"Ryan, Joe",FF,743,-0.107,-0.066,-0.097,-0.032
"Rodriguez, Eduardo",CH,227,-0.108,-0.115,-0.036,-0.064
"Lorenzen, Michael",FC,109,-0.108,-0.022,-0.092,0.074
"May, Dustin",ST,298,-0.108,0.147,-0.027,0.053
"Leasure, Jordan",FF,286,-0.108,0.108,0.168,0.071
"Vásquez, Randy",FC,228,-0.108,-0.079,0.003,-0.163
"Alcantara, Sandy",CH,332,-0.109,-0.128,-0.155,-0.192
"Warren, Will",CH,116,-0.109,-0.176,-0.319,-0.193
"Povich, Cade",SI,100,-0.109,-0.068,-0.241,-0.033
"Berríos, José",SI,325,-0.109,0.029,-0.092,-0.008
"McCullers Jr., Lance",ST,120,-0.11,0.184,0.098,0.02
"Kochanowicz, Jack",SI,397,-0.11,-0.067,-0.059,-0.17
"Maton, Phil",CU,175,-0.111,-0.068,0.033,-0.067
"Quintana, Jose",CU,116,-0.111,-0.183,-0.079,-0.145
"Yamamoto, Yoshinobu",CU,213,-0.112,-0.124,-0.124,-0.052
"Alexander, Jason",SI,181,-0.112,0.074,-0.08,-0.218
"Kolek, Stephen",SL,137,-0.112,-0.013,-0.069,-0.128
"Buehler, Walker",SL,158,-0.112,-0.079,0.001,-0.066
"Domínguez, Seranthony",FF,236,-0.113,-0.025,-0.017,-0.143
"Lugo, Seth",CH,108,-0.113,-0.049,-0.134,-0.097
"Junk, Janson",FF,315,-0.113,-0.126,0.041,-0.055
"Weaver, Luke",FF,318,-0.113,0.097,0.08,0.036
"Alcantara, Sandy",FF,251,-0.113,-0.148,0.001,-0.108
"Baker, Bryan",SL,110,-0.113,-0.096,-0.064,0.012
"Garcia, Rico",FF,121,-0.114,0.008,0.129,-0.05
"Sands, Cole",FC,105,-0.115,-0.051,-0.044,0.032
"Senga, Kodai",FC,147,-0.115,-0.101,-0.041,-0.053
"Senzatela, Antonio",CU,122,-0.116,0.055,-0.045,0.032
"Estévez, Carlos",FF,269,-0.116,0.044,0.088,0.146
"Junk, Janson",ST,120,-0.116,0.035,-0.048,0.037
"Civale, Aaron",CU,125,-0.116,0.096,-0.1,0.072
"Bird, Jake",SI,134,-0.117,0.018,-0.148,-0.046
"Holmes, Clay",ST,149,-0.117,-0.108,-0.01,-0.038
"Williams, Gavin",FC,196,-0.117,-0.005,-0.076,-0.095
"Rodón, Carlos",FF,583,-0.118,0.046,0.125,0.016
"Pilkington, Konnor",FF,128,-0.119,-0.142,-0.022,-0.078
"Brown, Hunter",SL,115,-0.121,-0.204,-0.097,-0.106
"Kolek, Stephen",FC,106,-0.122,-0.056,-0.079,-0.075
"Taillon, Jameson",FC,124,-0.122,-0.082,-0.281,-0.109
"Pfaadt, Brandon",FC,125,-0.122,-0.053,-0.098,-0.127
"Keller, Mitch",ST,238,-0.122,-0.183,-0.154,-0.069
"Cabrera, Edward",SI,190,-0.123,0.016,0.049,0.026
"Schreiber, John",ST,108,-0.123,0.054,0.165,-0.116
"Castillo, Luis",SI,308,-0.125,-0.119,-0.09,-0.072
"Mikolas, Miles",FF,351,-0.125,-0.061,-0.11,-0.159
"Martin, Davis",CH,274,-0.125,0.259,0.02,0.03
"De Los Santos, Enyel",SL,180,-0.127,-0.142,-0.159,-0.201
"Matsui, Yuki",FF,192,-0.128,0.097,-0.053,0.171
"Cavalli, Cade",FF,111,-0.129,-0.005,-0.206,-0.011
"Leiter, Jack",SL,299,-0.129,-0.128,0.024,0.021
"Mikolas, Miles",CH,119,-0.129,-0.026,-0.069,-0.104
"Kelly, Kevin",SI,146,-0.13,0.147,-0.255,-0.008
"Pivetta, Nick",CU,221,-0.13,-0.131,-0.063,-0.147
"Miller, Bryce",SI,123,-0.13,-0.114,-0.021,-0.033
"Seymour, Carson",SI,100,-0.131,0.072,-0.053,0.112
"Elder, Bryce",SI,394,-0.131,0.048,0.032,0.029
"Miller, Shelby",FF,211,-0.132,-0.035,-0.02,-0.136
"Schwellenbach, Spencer",FF,279,-0.132,-0.04,0.038,-0.062
"Senzatela, Antonio",SL,186,-0.132,-0.17,-0.077,-0.158
"Green, Chad",SL,148,-0.133,-0.059,-0.093,-0.176
"Mikolas, Miles",SL,265,-0.134,-0.074,-0.098,-0.017
"Lord, Brad",CH,118,-0.134,0.089,0.018,0.057
"Beeks, Jalen",CH,150,-0.135,-0.046,-0.074,-0.108
"Montero, Rafael",FF,194,-0.135,-0.154,-0.185,-0.025
"Finnegan, Kyle",FS,133,-0.136,-0.106,-0.012,-0.101
"Sasaki, Roki",FF,177,-0.136,-0.194,-0.196,-0.206
"Wilson, Justin",SL,136,-0.137,-0.054,0.109,-0.069
"Ryan, Joe",SI,159,-0.137,-0.078,0.106,-0.096
"Dobbins, Hunter",SL,109,-0.138,-0.133,-0.204,-0.109
"Scherzer, Max",FF,367,-0.138,-0.05,0.048,-0.116
"Rutledge, Jackson",FF,116,-0.139,-0.083,0.077,-0.048
"Cannon, Jonathan",CH,183,-0.14,-0.05,-0.052,-0.161
"Holmes, Grant",FC,135,-0.141,-0.009,-0.047,-0.192
"Sears, JP",CH,132,-0.142,0.065,-0.033,0.015
"Garcia, Robert",SL,125,-0.143,-0.051,0.083,-0.061
"Vásquez, Randy",FF,177,-0.143,-0.07,0.028,-0.108
"Ureña, José",SI,140,-0.143,-0.141,-0.061,-0.123
"Rogers, Trevor",FF,353,-0.143,-0.078,0.052,-0.101
"Peralta, Freddy",CH,294,-0.144,-0.099,-0.022,-0.143
"Kelly, Michael",ST,110,-0.145,-0.025,-0.112,-0.126
"Imanaga, Shota",FF,562,-0.145,0.005,0.089,0.161
"Phillips, Tyler",SI,154,-0.145,-0.064,-0.162,-0.125
"Herget, Jimmy",SI,101,-0.146,-0.016,-0.189,-0.019
"Singer, Brady",ST,129,-0.147,0.076,-0.183,-0.079
"Bello, Brayan",CH,191,-0.148,-0.079,-0.041,-0.251
"Blubaugh, AJ",FF,119,-0.149,-0.124,0.008,-0.231
"Pérez, Martín",CH,112,-0.15,-0.047,-0.151,-0.181
"Bergert, Ryan",SL,142,-0.15,-0.173,0.018,-0.221
"Baz, Shane",CH,142,-0.151,-0.161,0.107,-0.257
"Keller, Mitch",SI,209,-0.151,-0.161,-0.094,-0.075
"Márquez, Germán",SI,192,-0.154,-0.106,-0.184,-0.05
"Sugano, Tomoyuki",FS,197,-0.154,-0.087,-0.057,-0.234
"Smith, Shane",SL,121,-0.157,-0.098,-0.034,-0.143
"Pfaadt, Brandon",CH,213,-0.157,-0.025,-0.146,-0.16
"Sears, JP",ST,220,-0.157,-0.114,0.282,-0.04
"Anderson, Tyler",FF,412,-0.158,0.144,0.067,0.106
"Márquez, Germán",FF,334,-0.158,-0.08,0.023,-0.076
"Pérez, Eury",FF,477,-0.159,-0.061,0.014,-0.07
"Kikuchi, Yusei",SL,493,-0.159,0.081,0.04,0.083
"Crismatt, Nabil",CH,111,-0.16,-0.049,0.042,0.163
"Peterson, David",CU,125,-0.16,-0.053,0.004,-0.036
"Peterson, David",CH,181,-0.161,-0.077,0.045,-0.035
"Corbin, Patrick",SI,294,-0.161,-0.034,0.089,-0.073
"Buehler, Walker",FF,185,-0.161,-0.199,-0.059,-0.219
"Blanco, Ronel",SL,141,-0.163,-0.129,-0.155,-0.08
"Gallen, Zac",SL,180,-0.164,-0.069,-0.063,-0.224
"Little, Brendon",SI,190,-0.165,0.073,-0.079,-0.034
"Allen, Logan",ST,192,-0.165,0.04,0.023,0.025
"Bieber, Shane",SL,112,-0.166,-0.111,-0.068,-0.108
"Woo, Bryan",SL,134,-0.167,-0.073,0.197,-0.141
"Armstrong, Shawn",FC,124,-0.167,-0.203,-0.01,-0.17
"Tolle, Payton",FF,106,-0.168,-0.08,0.054,-0.159
"Enright, Nic",FF,177,-0.17,-0.1,0.061,-0.139
"Meyer, Max",SL,176,-0.173,-0.02,-0.085,-0.061
"May, Dustin",SI,284,-0.174,-0.03,-0.064,-0.077
"Kittredge, Andrew",SI,124,-0.174,0.183,-0.027,0.019
"Mahle, Tyler",FS,131,-0.174,-0.099,-0.092,-0.157
"Weissert, Greg",SI,106,-0.175,0.004,-0.128,-0.102
"Abbott, Andrew",CH,239,-0.175,-0.153,0.17,-0.151
"Holton, Tyler",FC,145,-0.176,-0.068,0.247,-0.078
"Gilbert, Logan",FF,434,-0.18,0.007,-0.052,-0.042
"Brebbia, John",FF,100,-0.18,-0.215,-0.131,-0.037
"Jackson, Luke",SL,178,-0.181,-0.207,-0.08,-0.161
"Fried, Max",CH,159,-0.181,-0.084,0.111,-0.013
"Junk, Janson",SL,236,-0.182,0.021,0.003,0.058
"Bazardo, Eduard",ST,209,-0.182,-0.173,0.062,-0.243
"Mize, Casey",FS,250,-0.182,-0.117,-0.002,-0.105
"Pfaadt, Brandon",SI,286,-0.182,-0.055,-0.128,-0.056
"Hancock, Emerson",SI,256,-0.183,-0.022,-0.069,-0.204
"Leahy, Kyle",ST,103,-0.184,-0.094,0.063,-0.028
"Olson, Reese",SI,104,-0.184,-0.111,0.034,-0.271
"Falter, Bailey",SL,176,-0.185,-0.184,0.148,-0.168
"Skenes, Paul",SI,132,-0.186,-0.194,0.101,-0.187
"Kranick, Max",SL,103,-0.187,-0.108,0.063,-0.106
"Kelly, Merrill",SI,162,-0.189,-0.039,-0.149,-0.055
"Corbin, Patrick",FC,275,-0.19,-0.092,0.028,-0.003
"Misiorowski, Jacob",SL,163,-0.191,-0.003,0.052,-0.047
"Freeland, Kyle",FF,407,-0.193,0.021,0.073,-0.016
"Ramírez, Yohan",FF,135,-0.193,-0.162,-0.076,-0.211
"Liberatore, Matthew",CH,115,-0.193,-0.231,0.156,-0.148
"Dreyer, Jack",SL,283,-0.195,-0.012,0.123,0.057
"Roupp, Landen",CH,148,-0.197,-0.003,0.092,-0.272
"Irvin, Jake",CU,344,-0.197,-0.041,-0.107,-0.122
"Alcala, Jorge",FF,238,-0.198,0.023,0.02,0.002
"Eovaldi, Nathan",FS,226,-0.199,-0.126,-0.183,-0.107
"Hancock, Emerson",CH,127,-0.2,-0.174,0.143,-0.277
"Mize, Casey",SL,166,-0.206,-0.004,-0.11,0.015
"Duran, Jhoan",FS,141,-0.207,0.691,-0.049,0.601
"Burrows, Mike",SL,118,-0.209,-0.265,-0.084,-0.234
"Yesavage, Trey",SL,105,-0.21,-0.18,0.116,-0.323
"Martin, Davis",SI,122,-0.21,-0.238,-0.103,-0.276
"Lugo, Seth",CU,153,-0.213,-0.09,0.133,-0.157
"Rogers, Trevor",CH,219,-0.216,-0.072,-0.142,-0.134
"Rodón, Carlos",SI,140,-0.217,0.286,-0.13,0.232
"Vásquez, Randy",CU,106,-0.225,0.131,-0.04,-0.074
"Sugano, Tomoyuki",SI,182,-0.228,-0.201,0.024,-0.105
"Romano, Jordan",SL,218,-0.231,-0.171,-0.064,-0.118
"Ashcraft, Braxton",SL,196,-0.231,-0.147,0.098,-0.247
"Leahy, Kyle",SL,132,-0.236,0.142,-0.198,0.171
"Ray, Robbie",SL,331,-0.238,-0.154,0.107,-0.081
"Vásquez, Randy",ST,110,-0.239,-0.015,-0.046,-0.098
"Kershaw, Clayton",SL,378,-0.244,-0.137,0.154,-0.206
"Santana, Dennis",FF,141,-0.25,-0.01,-0.046,-0.045
"Povich, Cade",CU,133,-0.251,-0.088,0.161,-0.186
"Gomber, Austin",FF,156,-0.254,0.125,0.016,0.062
"Irvin, Jake",CH,110,-0.254,-0.122,-0.133,-0.191
"Bellozo, Valente",ST,109,-0.268,-0.215,-0.038,-0.266
"Freeland, Kyle",FC,157,-0.291,-0.043,-0.082,0.069
