player_name,pitch_type,swings,avg_physics,avg_xwoba,whiff_rate,avg_launch_speed,avg_chase_deviation,outside_zone_pitches,raw_chase_rate,physics_z,chase_z,discomfort_score
"Abbott, Andrew",CH,239,-0.9479,0.2945,0.2301,76.5053,0.0291,287,0.3937,-1.4165,0.3493,-0.023
"Abbott, Andrew",FF,571,-0.2585,0.2782,0.1786,83.8398,0.0116,541,0.2532,-0.3831,0.0401,-0.0077
"Abbott, Andrew",ST,230,-0.0924,0.2534,0.3217,78.742,0.041,192,0.3438,-0.134,0.558,0.0124
"Abel, Mick",FF,153,-0.4077,0.3772,0.2353,82.0709,0.0415,126,0.2857,-0.6067,0.5668,0.0017
"Abreu, Bryan",FF,266,0.2595,0.2584,0.3308,83.4131,-0.0203,303,0.2211,0.3937,-0.5245,-0.0054
"Abreu, Bryan",SL,254,0.9774,0.2408,0.4567,82.8142,0.0559,306,0.3725,1.47,0.8225,0.0567
"Adam, Jason",CH,171,-0.4078,0.214,0.2982,83.4863,-0.0203,195,0.3282,-0.6069,-0.5231,-0.0285
"Adam, Jason",FF,106,-0.3683,0.2066,0.1981,83.8868,0.0984,146,0.3356,-0.5476,1.5724,0.0309
"Adam, Jason",SL,167,0.3991,0.299,0.3952,82.8522,0.0076,152,0.3224,0.6029,-0.0315,0.013
"Akin, Keegan",CH,100,-0.504,0.174,0.22,77.9167,0.0042,90,0.3222,-0.7511,-0.0919,-0.0199
"Akin, Keegan",FF,265,0.3239,0.3599,0.2189,83.6544,0.0549,233,0.2833,0.4901,0.8039,0.0335
"Akin, Keegan",SL,136,0.4943,0.3003,0.2353,77.9406,-0.0097,158,0.3101,0.7456,-0.3367,0.0079
"Alcala, Jorge",FF,238,-1.1646,0.2703,0.2731,85.2757,0.0246,221,0.267,-1.7415,0.2695,-0.0327
"Alcantara, Sandy",CH,332,-0.6034,0.2594,0.259,82.8954,0.0375,396,0.3687,-0.9002,0.4975,-0.007
"Alcantara, Sandy",FC,183,-0.8064,0.3292,0.2514,82.8712,0.0344,210,0.2952,-1.2045,0.4429,-0.0155
"Alcantara, Sandy",FF,251,-0.6043,0.2957,0.1474,85.5652,-0.0289,201,0.209,-0.9014,-0.6754,-0.0395
"Alcantara, Sandy",SI,342,-0.534,0.343,0.0936,84.7227,0.0103,220,0.2409,-0.796,0.0155,-0.0179
"Alcantara, Sandy",SL,200,-0.5566,0.3728,0.205,84.1859,-0.0655,251,0.2629,-0.83,-1.3222,-0.0557
"Alexander, Jason",CH,202,-0.1042,0.1954,0.3762,79.8888,0.0614,232,0.3836,-0.1517,0.9187,0.0219
"Alexander, Jason",SI,181,-0.6083,0.3365,0.0497,86.7689,-0.1459,152,0.0987,-0.9075,-2.7425,-0.0968
"Alexander, Tyler",CH,109,-0.2409,0.3267,0.2569,82.6676,0.0231,159,0.3648,-0.3566,0.2425,-0.0015
"Alexander, Tyler",FF,205,0.3243,0.3193,0.1659,81.5422,0.0243,171,0.269,0.4907,0.2638,0.0186
"Alexander, Tyler",SI,136,0.9764,0.2708,0.0956,77.6286,0.0513,95,0.2947,1.4684,0.7396,0.0543
"Alexander, Tyler",ST,136,-0.4278,0.3144,0.2647,80.24,-0.0713,146,0.2123,-0.6368,-1.4239,-0.0541
"Allard, Kolby",CH,102,-0.5139,0.2479,0.1471,82.5538,0.0007,102,0.3431,-0.7659,-0.153,-0.0219
"Allard, Kolby",FF,179,0.0504,0.2465,0.2514,83.1211,0.0225,145,0.269,0.0801,0.2311,0.0082
"Allen, Logan",CH,224,-0.2366,0.2899,0.1562,81.3188,-0.0222,253,0.332,-0.3501,-0.5575,-0.0235
"Allen, Logan",FF,389,-0.1709,0.3121,0.1722,83.1459,-0.0462,388,0.1881,-0.2517,-0.9812,-0.033
"Allen, Logan",SI,137,0.0298,0.2942,0.1022,80.7403,-0.0307,151,0.2252,0.0492,-0.7074,-0.0184
"Allen, Logan",ST,192,-0.968,0.2458,0.2604,78.8293,-0.0645,297,0.2458,-1.4468,-1.3043,-0.0695
"Alvarado, Elvis",FF,173,0.2049,0.1922,0.3584,82.7061,0.0209,186,0.2581,0.3117,0.2035,0.0128
"Alvarado, José",SI,119,1.0432,0.4198,0.0924,84.1863,-0.0474,101,0.1782,1.5685,-1.0019,0.0084
"Anderson, Grant",FF,193,-0.3847,0.1391,0.342,80.9202,0.0616,184,0.2989,-0.5722,0.9216,0.0123
"Anderson, Grant",SI,113,-0.0303,0.3726,0.0619,85.9419,-0.0863,105,0.181,-0.041,-1.6891,-0.0477
"Anderson, Grant",ST,183,0.0484,0.2439,0.3497,80.4519,0.0497,217,0.3548,0.0771,0.7117,0.0215
"Anderson, Tyler",CH,358,1.1997,0.2679,0.3911,78.8343,0.058,388,0.4046,1.8031,0.8586,0.0653
"Anderson, Tyler",FC,192,-0.3194,0.3154,0.1823,81.804,-0.0134,251,0.255,-0.4743,-0.4027,-0.0221
"Anderson, Tyler",FF,412,-0.9273,0.3527,0.1262,84.2289,-0.0069,375,0.2293,-1.3857,-0.2864,-0.0399
"Armstrong, Shawn",FC,124,-0.8675,0.2897,0.1694,81.6293,0.0292,100,0.3,-1.296,0.3495,-0.0202
"Armstrong, Shawn",FF,158,0.0625,0.2336,0.3038,81.9413,-0.0286,138,0.2101,0.0983,-0.6708,-0.0163
"Armstrong, Shawn",SI,110,0.1188,0.3184,0.0909,82.8802,-0.0476,87,0.2069,0.1827,-1.006,-0.0236
"Ashby, Aaron",SI,241,0.1275,0.3051,0.1452,84.1749,-0.0316,240,0.2125,0.1957,-0.7237,-0.0155
"Ashcraft, Braxton",FF,158,-0.0205,0.3164,0.1582,84.3815,-0.0034,138,0.2246,-0.0262,-0.2257,-0.0069
"Ashcraft, Braxton",SL,196,-1.2514,0.2327,0.301,79.873,0.0992,153,0.4248,-1.8717,1.5871,0.0008
"Ashcraft, Graham",FC,217,0.3767,0.3185,0.1797,82.7292,0.0096,247,0.2632,0.5694,0.0035,0.0132
"Ashcraft, Graham",SL,248,1.2916,0.18,0.375,78.7672,0.1522,265,0.483,1.9409,2.5223,0.1146
"Bachar, Lake",FF,197,-0.3734,0.3353,0.2284,85.9448,0.0268,167,0.2695,-0.5552,0.3073,-0.0043
"Bachar, Lake",SL,125,0.2331,0.269,0.368,84.2409,0.0482,145,0.3655,0.354,0.6863,0.0272
"Backhus, Kyle",SI,114,1.7048,0.2838,0.0965,82.9299,-0.016,93,0.2366,2.5605,-0.4476,0.0467
"Baker, Bryan",CH,131,-0.3952,0.2163,0.3282,78.875,-0.0594,137,0.2701,-0.588,-1.2138,-0.0471
"Baker, Bryan",FF,290,0.2199,0.3385,0.2345,84.8359,0.1066,234,0.3376,0.3342,1.7163,0.0552
"Baker, Bryan",SL,110,-0.5239,0.3809,0.2182,83.4402,-0.0474,128,0.2812,-0.7809,-1.0028,-0.0458
"Banda, Anthony",FF,140,0.8303,0.3492,0.2,85.0849,0.0687,108,0.3056,1.2493,1.0476,0.0578
"Banda, Anthony",SL,237,-0.204,0.21,0.3586,82.4308,-0.0051,320,0.3156,-0.3013,-0.2549,-0.014
"Banks, Tanner",FF,129,1.8576,0.2119,0.1705,79.0542,0.1368,83,0.3614,2.7896,2.2507,0.1266
"Banks, Tanner",SL,193,-0.2004,0.3066,0.228,78.9073,-0.0407,146,0.2808,-0.2959,-0.8847,-0.0313
"Barlow, Scott",FF,122,-0.4063,0.3189,0.1475,83.3143,-0.0092,125,0.224,-0.6046,-0.3277,-0.023
"Barlow, Scott",ST,136,0.0807,0.2195,0.3897,77.25,0.0367,185,0.3405,0.1255,0.4824,0.0162
"Barnett, Mason",FF,112,0.5044,0.3094,0.1518,83.9222,-0.0424,98,0.2041,0.7608,-0.9138,-0.0077
"Bassitt, Chris",CU,172,0.1282,0.1832,0.2907,76.069,-0.012,188,0.2819,0.1967,-0.3767,-0.0059
"Bassitt, Chris",FC,199,1.8165,0.2702,0.2915,82.0661,0.001,221,0.2624,2.7279,-0.1473,0.0588
"Bassitt, Chris",FF,134,1.4674,0.1715,0.2164,78.8809,0.017,149,0.2416,2.2045,0.1339,0.0545
"Bassitt, Chris",SI,524,0.2388,0.3521,0.1279,82.2308,0.0101,458,0.2598,0.3626,0.0133,0.0087
"Bautista, Félix",SI,153,-0.0174,0.2148,0.2288,84.804,-0.0226,175,0.2057,-0.0215,-0.5646,-0.0161
"Baz, Shane",CH,142,-0.8386,0.2305,0.2606,78.8103,-0.0561,156,0.2628,-1.2527,-1.1553,-0.0609
"Baz, Shane",FC,177,-0.1929,0.3028,0.2373,82.1246,0.0624,173,0.3237,-0.2847,0.9372,0.0194
"Baz, Shane",FF,565,0.5762,0.2788,0.2106,82.3493,0.0136,544,0.2592,0.8684,0.0755,0.0221
"Bazardo, Eduard",SI,216,-0.1142,0.2742,0.1574,83.1337,-0.0864,209,0.1675,-0.1667,-1.691,-0.0506
"Bazardo, Eduard",ST,209,-0.989,0.2888,0.201,81.5752,-0.0226,218,0.289,-1.4782,-0.5651,-0.0497
"Beck, Tristan",FF,112,-0.244,0.2654,0.1875,85.8455,-0.0658,112,0.1875,-0.3613,-1.3274,-0.0451
"Beck, Tristan",ST,111,-0.2545,0.2284,0.3153,80.6479,0.1573,99,0.4646,-0.377,2.6124,0.0636
"Bednar, David",FF,248,0.1151,0.3281,0.2016,84.19,0.0369,218,0.2706,0.177,0.4861,0.0175
"Beeks, Jalen",CH,150,-0.7764,0.173,0.3333,77.9511,-0.0055,206,0.3301,-1.1594,-0.2628,-0.034
"Beeks, Jalen",FF,238,-0.211,0.3429,0.1933,85.3736,-0.0671,191,0.1675,-0.3118,-1.351,-0.0446
"Bello, Brayan",CH,191,-0.8201,0.3031,0.2984,81.2924,-0.0063,272,0.3235,-1.2249,-0.2773,-0.0359
"Bello, Brayan",FC,181,-0.5671,0.3382,0.2431,85.3252,0.0048,156,0.2692,-0.8457,-0.0803,-0.0217
"Bello, Brayan",FF,210,0.0044,0.2514,0.1333,82.8458,0.0288,188,0.2553,0.0111,0.3437,0.0098
"Bello, Brayan",SI,375,-0.5711,0.3122,0.1067,85.6932,-0.0061,413,0.2349,-0.8516,-0.2738,-0.0272
"Bello, Brayan",ST,186,0.5363,0.3016,0.2688,80.3308,0.0027,250,0.312,0.8086,-0.1179,0.0154
"Bellozo, Valente",FC,193,-0.4033,0.3426,0.1554,81.9697,-0.0658,157,0.2102,-0.6001,-1.3269,-0.0506
"Bellozo, Valente",FF,185,0.067,0.4132,0.1243,82.9913,0.0139,172,0.2733,0.1049,0.0792,0.0046
"Bellozo, Valente",ST,109,-1.4917,0.2129,0.2294,80.2392,0.0249,98,0.3367,-2.2319,0.2739,-0.0439
"Bender, Anthony",ST,131,0.125,0.1933,0.2595,82.8856,-0.0323,145,0.2759,0.1919,-0.7357,-0.0159
"Bergert, Ryan",FF,267,-0.6357,0.309,0.1199,85.5833,0.0024,233,0.2232,-0.9485,-0.1239,-0.0253
"Bergert, Ryan",SL,142,-0.7951,0.2601,0.338,83.1047,-0.0266,180,0.2944,-1.1874,-0.6348,-0.0449
"Bernardino, Brennan",SI,135,0.5336,0.3111,0.0741,84.0752,-0.0233,130,0.2231,0.8046,-0.5777,0.0026
"Berríos, José",CH,229,-0.4242,0.2654,0.345,81.8261,0.0543,246,0.378,-0.6314,0.7933,0.0074
"Berríos, José",FF,194,-0.5624,0.3166,0.1134,85.4781,-0.0054,208,0.226,-0.8386,-0.2604,-0.0265
"Berríos, José",SI,325,-0.6561,0.3624,0.0831,85.653,-0.0442,380,0.2132,-0.9791,-0.9461,-0.0488
"Bibee, Tanner",CH,203,0.8069,0.2522,0.3596,77.9293,-0.0331,222,0.3063,1.2142,-0.7505,0.0072
"Bibee, Tanner",FC,287,0.0068,0.2543,0.2787,81.793,0.0094,274,0.2774,0.0147,0.0013,0.0004
"Bibee, Tanner",FF,344,-0.0798,0.3591,0.0988,85.4358,-0.0538,394,0.1701,-0.1152,-1.115,-0.0335
"Bibee, Tanner",SI,192,-0.0355,0.2589,0.0938,82.5877,-0.001,169,0.2485,-0.0488,-0.1836,-0.0062
"Bibee, Tanner",ST,174,0.1022,0.2447,0.3218,81.067,-0.0117,205,0.2976,0.1577,-0.3714,-0.0066
"Bido, Osvaldo",FF,246,-0.0997,0.378,0.1748,86.1665,0.002,247,0.2429,-0.1449,-0.13,-0.0069
"Bido, Osvaldo",SL,173,0.3519,0.3217,0.3179,84.0537,0.0248,182,0.3462,0.5322,0.2723,0.0198
"Bieber, Shane",FF,131,0.2877,0.3874,0.1908,85.8062,-0.0309,129,0.2093,0.4359,-0.7117,-0.0096
"Bieber, Shane",SL,112,-0.9366,0.2776,0.3929,83.6197,0.0389,115,0.3739,-1.3997,0.5209,-0.0179
"Bird, Jake",SI,134,-0.6419,0.3939,0.1418,87.2115,-0.061,128,0.1797,-0.9579,-1.2424,-0.0565
"Bird, Jake",ST,124,1.2983,0.2917,0.3306,78.4823,0.0272,132,0.3561,1.9509,0.3144,0.0537
"Birdsong, Hayden",FF,219,0.0401,0.2702,0.1826,83.6293,-0.0213,265,0.2151,0.0647,-0.5409,-0.0135
"Birdsong, Hayden",SL,137,-0.1036,0.2948,0.292,80.4789,0.0002,130,0.3308,-0.1509,-0.1622,-0.008
"Bivens, Spencer",FC,142,-0.4494,0.2923,0.1479,82.6465,-0.0102,142,0.2535,-0.6692,-0.345,-0.025
"Bivens, Spencer",SI,188,0.8574,0.3221,0.0691,81.8822,-0.0148,172,0.25,1.2899,-0.427,0.0179
"Blalock, Bradley",FF,220,-0.035,0.4246,0.0818,86.3703,0.028,204,0.2598,-0.048,0.3296,0.008
"Blanco, Ronel",FF,108,-0.2189,0.2812,0.1481,83.5906,-0.0344,154,0.2013,-0.3236,-0.7738,-0.0289
"Blanco, Ronel",SL,141,-0.9438,0.2164,0.4043,75.7141,0.0692,123,0.3984,-1.4104,1.0565,-0.0033
"Blewett, Scott",FF,103,0.0706,0.3795,0.165,85.6247,-0.0626,115,0.1652,0.1104,-1.2711,-0.0326
"Blewett, Scott",SL,154,0.0687,0.2746,0.3442,84.0217,0.0018,150,0.32,0.1076,-0.1343,-0.0012
"Blubaugh, AJ",FF,118,-0.7859,0.3484,0.2542,84.5662,0.002,114,0.2544,-1.1738,-0.13,-0.0307
"Booser, Cam",FF,134,-0.3665,0.2891,0.1567,85.7495,0.0176,120,0.25,-0.5449,0.1461,-0.0085
"Borucki, Ryan",SL,108,1.6834,0.2998,0.3426,80.2159,0.0067,109,0.3119,2.5283,-0.0464,0.057
"Bowlan, Jonathan",FF,118,1.1682,0.3183,0.4068,82.2492,0.0989,120,0.35,1.756,1.5808,0.0842
"Bowlan, Jonathan",SL,102,0.3214,0.2361,0.3922,82.5448,0.0303,128,0.3672,0.4865,0.3698,0.0215
"Boyd, Matthew",CH,333,0.5401,0.2307,0.3033,81.1287,0.0177,294,0.3571,0.8143,0.1477,0.0229
"Boyd, Matthew",FF,725,-0.5259,0.3149,0.1255,83.2657,0.0348,533,0.2683,-0.7839,0.4496,-0.0056
"Boyd, Matthew",SL,178,0.1126,0.2139,0.3427,77.0308,0.0176,235,0.3277,0.1733,0.1461,0.008
"Boyle, Joe",FF,192,-0.5699,0.2993,0.2292,86.0101,-0.0648,214,0.1589,-0.8499,-1.3099,-0.0558
"Boyle, Joe",SL,147,-0.0314,0.246,0.3197,82.6568,0.0002,135,0.3111,-0.0426,-0.1618,-0.0055
"Bradley, Taj",FC,211,0.2086,0.3309,0.2986,83.7684,0.0031,235,0.2809,0.3173,-0.1105,0.0043
"Bradley, Taj",FF,420,0.0525,0.3172,0.1643,84.8433,0.0281,360,0.2528,0.0833,0.3315,0.0111
"Bradley, Taj",FS,109,-0.1708,0.2586,0.2018,81.7776,-0.1165,118,0.2203,-0.2516,-2.2225,-0.0673
"Brash, Matt",SL,245,0.0805,0.2202,0.3347,79.9167,0.0275,334,0.3593,0.1252,0.3209,0.0118
"Brazobán, Huascar",CH,178,0.6484,0.2367,0.3202,82.538,0.0199,216,0.3519,0.9766,0.1859,0.0277
"Brazobán, Huascar",SI,167,0.7506,0.3024,0.1257,82.809,0.1104,163,0.362,1.1299,1.7844,0.0754
"Brebbia, John",FF,100,-1.0255,0.318,0.13,83.3148,0.0138,83,0.241,-1.5329,0.079,-0.0332
"Brogdon, Connor",CH,170,0.746,0.2764,0.3118,82.517,0.0613,183,0.3989,1.1229,0.9179,0.0513
"Brogdon, Connor",FF,153,0.3521,0.2642,0.2549,81.6037,-0.013,158,0.2278,0.5324,-0.395,0.0013
"Brown, Ben",FF,415,0.4369,0.3761,0.1325,86.3921,-0.0132,389,0.2185,0.6596,-0.3984,0.0042
"Brown, Hunter",CH,152,0.3781,0.2637,0.2303,78.9886,-0.0223,207,0.3043,0.5714,-0.559,-0.0023
"Brown, Hunter",FF,449,0.2879,0.2282,0.265,84.2983,-0.0095,535,0.2224,0.4362,-0.3325,0.0009
"Brown, Hunter",SI,311,0.4514,0.2738,0.1672,75.8979,0.1192,323,0.3901,0.6813,1.94,0.0694
"Brown, Hunter",SL,115,-0.5792,0.2952,0.2348,83.6375,-0.0432,142,0.2887,-0.8638,-0.9276,-0.0456
"Brown, McCade",FF,129,0.1758,0.3801,0.1783,86.6444,0.0171,129,0.2636,0.2682,0.1368,0.01
"Brzykcy, Zach",FF,130,-0.3045,0.3229,0.1692,83.846,0.0886,125,0.312,-0.452,1.3997,0.0283
"Bubic, Kris",CH,178,-0.1698,0.2078,0.3708,79.2344,0.0831,217,0.4194,-0.25,1.3021,0.0303
"Bubic, Kris",FF,320,-0.1532,0.2614,0.2594,82.0774,0.0103,272,0.25,-0.2252,0.0171,-0.0047
"Bubic, Kris",SL,102,0.3276,0.3,0.2843,84.5906,0.0207,106,0.3208,0.4957,0.1997,0.017
"Bubic, Kris",ST,129,0.127,0.2138,0.2326,80.864,0.0158,156,0.3013,0.1949,0.1144,0.0077
"Buehler, Walker",FC,180,0.1599,0.394,0.1889,81.6604,0.0742,156,0.359,0.2443,1.1442,0.0373
"Buehler, Walker",FF,185,-0.9343,0.4141,0.1189,86.3618,-0.0818,261,0.1418,-1.3962,-1.6108,-0.0768
"Buehler, Walker",SI,134,-0.1448,0.3468,0.0448,83.2414,-0.0661,150,0.2,-0.2126,-1.3336,-0.0418
"Buehler, Walker",SL,158,-0.5322,0.3206,0.2025,82.5211,-0.0271,179,0.2905,-0.7933,-0.6443,-0.0361
"Bummer, Aaron",CU,124,0.0095,0.2795,0.2984,82.6962,0.1109,150,0.4133,0.0188,1.7926,0.05
"Bummer, Aaron",SI,104,0.4659,0.3112,0.0962,85.536,-0.0515,132,0.1742,0.703,-1.0741,-0.0135
"Burke, Brock",CH,116,-0.0495,0.2484,0.2328,80.4063,0.0354,111,0.3964,-0.0697,0.4598,0.0111
"Burke, Brock",FF,211,0.0761,0.3089,0.1943,83.9164,-0.0635,173,0.1734,0.1186,-1.2862,-0.0329
"Burke, Brock",SL,116,0.1905,0.2633,0.2414,78.6075,-0.0764,103,0.233,0.2901,-1.5155,-0.0352
"Burke, Sean",FF,505,0.6146,0.269,0.2178,83.141,0.029,488,0.2684,0.926,0.3474,0.031
"Burke, Sean",SL,254,-0.1788,0.3561,0.2559,83.248,0.0021,248,0.3226,-0.2635,-0.1283,-0.0096
"Burnes, Corbin",FC,214,-0.5302,0.285,0.1776,84.572,0.0157,239,0.272,-0.7903,0.1127,-0.0151
"Burns, Chase",FF,233,-0.4407,0.2899,0.2275,84.1869,-0.0047,176,0.2159,-0.6561,-0.2492,-0.022
"Burns, Chase",SL,138,0.361,0.2055,0.442,80.5014,0.1253,149,0.443,0.5458,2.0469,0.0692
"Burrows, Mike",CH,192,-0.2562,0.2006,0.4219,78.9206,0.0926,180,0.4222,-0.3796,1.4695,0.0319
"Burrows, Mike",FF,278,-0.3451,0.3582,0.1367,87.0144,-0.0351,251,0.2032,-0.5129,-0.7855,-0.0336
"Burrows, Mike",SL,118,-1.1333,0.2957,0.2288,83.921,-0.085,149,0.2416,-1.6945,-1.6671,-0.0852
"Buttó, José",FF,139,-0.22,0.3425,0.2518,86.0129,-0.0519,153,0.183,-0.3252,-1.0812,-0.0374
"Buttó, José",SL,160,-0.4901,0.25,0.35,82.202,0.0451,189,0.3598,-0.7303,0.6304,0.0006
"Cabrera, Edward",CH,267,-0.4028,0.252,0.2584,83.1802,0.0169,320,0.3469,-0.5993,0.1338,-0.0101
"Cabrera, Edward",CU,180,-0.1724,0.1733,0.4278,81.1725,0.0806,260,0.3731,-0.254,1.2574,0.0289
"Cabrera, Edward",FF,112,1.1527,0.4174,0.1696,88.2429,-0.077,143,0.1538,1.7327,-1.5247,-0.0022
"Cabrera, Edward",SI,190,-0.7114,0.4008,0.0947,88.4176,-0.062,164,0.1951,-1.062,-1.2604,-0.0594
"Cabrera, Edward",SL,173,-0.1126,0.2396,0.4046,85.3446,-0.0109,197,0.3096,-0.1643,-0.3573,-0.0137
"Cameron, Noah",CH,183,-0.0361,0.2642,0.4262,81.49,-0.0565,208,0.2981,-0.0495,-1.1633,-0.0333
"Cameron, Noah",CU,121,0.3169,0.1648,0.2975,79.5216,0.0669,157,0.3567,0.4796,1.0167,0.0392
"Cameron, Noah",FC,201,-0.3172,0.3521,0.2139,81.7493,0.0253,190,0.2842,-0.471,0.2814,-0.0031
"Cameron, Noah",FF,229,0.4493,0.3638,0.0873,86.1586,-0.0843,250,0.152,0.6782,-1.6549,-0.0302
"Cameron, Noah",SL,158,-0.3292,0.2454,0.2848,83.2454,0.0854,148,0.3986,-0.4891,1.343,0.0259
"Canning, Griffin",CH,157,-0.5254,0.2663,0.2293,83.486,-0.0428,135,0.2889,-0.7832,-0.9209,-0.0435
"Canning, Griffin",FF,161,-0.042,0.381,0.1615,85.0715,-0.0601,238,0.1681,-0.0585,-1.2273,-0.0353
"Canning, Griffin",SL,192,-0.1603,0.3043,0.3542,82.7026,0.0005,205,0.3268,-0.2358,-0.1563,-0.0098
"Cannon, Jonathan",CH,183,-0.7901,0.27,0.2131,79.3874,-0.0195,202,0.3218,-1.1801,-0.5091,-0.0413
"Cannon, Jonathan",FC,175,-0.4226,0.3549,0.24,82.4619,-0.0672,153,0.1961,-0.6291,-1.3519,-0.0519
"Cannon, Jonathan",FF,179,0.065,0.2273,0.2291,82.519,0.0812,161,0.3106,0.102,1.2691,0.0375
"Cannon, Jonathan",SI,161,-0.383,0.3852,0.0994,88.4008,-0.0652,159,0.1887,-0.5697,-1.3164,-0.0496
"Cano, Yennier",SI,190,-0.3189,0.2546,0.1895,85.8904,0.0313,180,0.2944,-0.4736,0.3876,-0.0002
"Cantillo, Joey",CH,215,1.9186,0.2011,0.4884,78.3596,-0.0277,255,0.3137,2.8809,-0.6542,0.0483
"Cantillo, Joey",FF,277,0.4941,0.3692,0.1264,85.6775,-0.0946,268,0.1418,0.7453,-1.8365,-0.0336
"Casparius, Ben",FC,127,0.4434,0.2682,0.1969,80.8786,0.0455,87,0.3218,0.6693,0.6383,0.0331
"Casparius, Ben",FF,173,0.8139,0.3422,0.3064,85.3432,0.0415,182,0.2802,1.2248,0.5675,0.0439
"Casparius, Ben",ST,180,-0.2929,0.2728,0.2,79.5037,0.0086,188,0.3245,-0.4346,-0.014,-0.0104
"Castillo, José",SL,123,-0.5299,0.2617,0.2602,85.1819,0.1077,120,0.4167,-0.7899,1.7367,0.0298
"Castillo, Luis",CH,146,-0.5372,0.3484,0.2192,78.881,0.0123,233,0.3391,-0.8009,0.0513,-0.017
"Castillo, Luis",FF,798,-0.2861,0.2514,0.2368,84.0197,0.0319,624,0.2708,-0.4244,0.3985,0.0012
"Castillo, Luis",SI,308,-0.7205,0.3508,0.0974,85.9904,0.0111,262,0.2557,-1.0756,0.0298,-0.024
"Castillo, Luis",SL,269,0.2012,0.2598,0.3346,83.0634,-0.0161,371,0.3127,0.3062,-0.4495,-0.0054
"Cavalli, Cade",FF,111,-0.7016,0.3016,0.2162,86.3547,0.0407,82,0.2561,-1.0474,0.553,-0.0089
"Cease, Dylan",FF,651,0.2587,0.2578,0.2289,83.6604,0.0471,659,0.2792,0.3924,0.6665,0.0275
"Cease, Dylan",SL,608,0.1573,0.2358,0.4342,80.3754,0.0352,684,0.3567,0.2404,0.4563,0.0182
"Cecconi, Slade",CU,115,-0.0105,0.2172,0.2957,80.825,-0.0267,180,0.2722,-0.0112,-0.6368,-0.0179
"Cecconi, Slade",FF,404,-0.0819,0.3836,0.146,86.1256,-0.0555,332,0.1777,-0.1182,-1.145,-0.0344
"Cecconi, Slade",SI,103,0.7527,0.3834,0.0388,84.1967,-0.1158,74,0.1486,1.133,-2.2101,-0.035
"Cecconi, Slade",SL,166,-0.1855,0.2742,0.3313,85.1812,-0.051,183,0.2787,-0.2735,-1.067,-0.0358
"Chafin, Andrew",SL,107,1.2126,0.1543,0.4112,75.5481,0.0584,160,0.3812,1.8225,0.8653,0.066
"Chandler, Bubba",FF,128,0.4452,0.3775,0.2656,86.5815,0.0707,111,0.3153,0.672,1.0826,0.0455
"Chapman, Aroldis",FF,207,-0.3567,0.2588,0.2415,82.1562,0.0431,139,0.2806,-0.5303,0.5962,0.0043
"Chapman, Aroldis",SI,166,-0.0675,0.1573,0.3072,82.9304,0.084,140,0.3357,-0.0966,1.3172,0.0342
"Chivilli, Angel",CH,173,0.2632,0.2187,0.4335,81.8178,-0.014,209,0.3254,0.3991,-0.4122,-0.0022
"Chivilli, Angel",FF,206,-0.0113,0.3952,0.1019,87.4679,-0.0244,214,0.2196,-0.0123,-0.5964,-0.0168
"Civale, Aaron",CU,125,-0.6916,0.2761,0.224,82.1977,0.0025,121,0.2893,-1.0323,-0.1205,-0.0271
"Civale, Aaron",FC,263,0.3757,0.2915,0.2015,81.2489,0.0404,276,0.2935,0.5678,0.5476,0.0282
"Civale, Aaron",FF,111,-0.4332,0.2961,0.1622,83.4625,-0.0187,150,0.22,-0.6449,-0.4951,-0.0286
"Civale, Aaron",SI,128,-0.0287,0.3083,0.125,85.5096,-0.0119,139,0.2158,-0.0385,-0.3762,-0.0113
"Clarke, Taylor",SL,166,0.245,0.2221,0.3193,81.343,0.0159,166,0.3313,0.3718,0.1157,0.0118
"Clase, Emmanuel",FC,211,0.1456,0.3312,0.2417,83.2649,0.0317,151,0.3046,0.2229,0.3937,0.016
"Clase, Emmanuel",SL,110,-0.0816,0.2064,0.3364,79.5169,0.0005,116,0.3276,-0.1178,-0.1572,-0.0071
"Cleavinger, Garrett",SI,131,0.7404,0.3499,0.2061,86.333,-0.036,122,0.2049,1.1146,-0.8018,0.0035
"Cleavinger, Garrett",SL,152,-0.0833,0.2799,0.3487,83.5977,0.005,152,0.3355,-0.1204,-0.0774,-0.0049
"Corbin, Patrick",FC,273,-1.078,0.3098,0.2051,84.401,0.0748,232,0.3405,-1.6116,1.1559,-0.0052
"Corbin, Patrick",SI,294,-0.9164,0.3856,0.1054,87.1147,-0.0846,275,0.1564,-1.3694,-1.6587,-0.0775
"Corbin, Patrick",SL,353,0.1091,0.2796,0.3739,80.3338,0.03,541,0.3457,0.1681,0.3651,0.014
"Coulombe, Danny",FC,142,1.3532,0.2789,0.3451,80.6602,0.194,122,0.4754,2.0333,3.2602,0.1371
"Crismatt, Nabil",CH,111,-0.9423,0.2613,0.3333,82.0464,0.152,108,0.4815,-1.4081,2.5196,0.0372
"Crochet, Garrett",FC,397,-0.5454,0.2676,0.2393,83.9082,0.0307,292,0.2979,-0.8132,0.3759,-0.0084
"Crochet, Garrett",FF,555,0.4538,0.271,0.2559,83.6087,0.0017,535,0.2393,0.6849,-0.1357,0.012
"Crochet, Garrett",SI,217,0.8708,0.3395,0.1751,81.2703,0.142,215,0.386,1.3101,2.3424,0.095
"Crochet, Garrett",ST,246,0.1919,0.1638,0.3537,80.4482,0.1631,249,0.4659,0.2923,2.7142,0.0818
"Cruz, Fernando",FS,140,3.6899,0.1801,0.5286,79.6797,0.0282,177,0.3955,5.5366,0.3327,0.1369
"Cruz, Steven",FF,136,-0.2631,0.2848,0.2059,84.4527,-0.0749,139,0.1583,-0.3899,-1.4879,-0.0502
"Curtiss, John",FF,157,-0.3197,0.3059,0.1975,83.5941,0.0424,112,0.2768,-0.4747,0.5829,0.0052
"De Los Santos, Enyel",FF,260,-0.3405,0.3577,0.2154,83.3815,-0.0215,205,0.2195,-0.506,-0.5451,-0.0268
"De Los Santos, Enyel",SL,180,-0.7185,0.242,0.3556,79.5902,-0.0152,206,0.3107,-1.0727,-0.4333,-0.0367
"De los Santos, Yerry",SI,125,0.6371,0.2924,0.096,82.5561,-0.0057,121,0.2562,0.9596,-0.266,0.0148
"Detmers, Reid",FF,258,0.7802,0.2741,0.2752,82.8088,0.0928,214,0.3271,1.1742,1.4726,0.0678
"Detmers, Reid",SL,167,0.7009,0.2734,0.3952,86.8,0.0968,162,0.4074,1.0554,1.5447,0.0671
"Dobbins, Hunter",FF,171,-0.1855,0.3485,0.0994,86.6643,0.0003,155,0.2387,-0.2736,-0.1607,-0.0108
"Dobbins, Hunter",SL,109,-0.7182,0.3679,0.2844,85.1859,-0.0617,118,0.2542,-1.0722,-1.2551,-0.0595
"Dodd, Dylan",FC,150,-0.4375,0.3315,0.3133,82.901,0.1315,130,0.4,-0.6513,2.1574,0.0447
"Dollander, Chase",CU,131,0.0088,0.194,0.3359,79.6926,-0.0522,187,0.246,0.0178,-1.0868,-0.0297
"Dollander, Chase",FF,406,0.1231,0.342,0.1724,83.7801,-0.0168,357,0.2101,0.1891,-0.4622,-0.0084
"Domínguez, Seranthony",FF,236,-0.6136,0.2557,0.2331,82.9539,-0.0251,260,0.2077,-0.9154,-0.6087,-0.038
"Doval, Camilo",FC,166,0.4619,0.3542,0.1506,85.1277,-0.1121,165,0.1576,0.697,-2.1449,-0.0433
"Doval, Camilo",SL,254,0.2241,0.2062,0.3937,82.3587,0.0599,304,0.3849,0.3405,0.8918,0.0325
"Dreyer, Jack",FF,241,-0.0361,0.2572,0.2116,84.253,-0.0124,210,0.2238,-0.0497,-0.3849,-0.0118
"Dreyer, Jack",SL,283,-1.0156,0.2039,0.2898,83.3971,0.0159,249,0.3414,-1.5181,0.1151,-0.0318
"Duran, Jhoan",FF,223,0.6672,0.2291,0.296,85.503,0.0515,180,0.2778,1.0048,0.7437,0.0437
"Duran, Jhoan",FS,141,-0.9025,0.2636,0.1915,85.1719,0.0046,107,0.3645,-1.3485,-0.0836,-0.0334
"Díaz, Edwin",FF,243,1.4347,0.228,0.3745,81.1533,0.0092,268,0.2463,2.1554,-0.0032,0.0496
"Díaz, Edwin",SL,215,-0.091,0.1795,0.4047,82.3535,0.0445,264,0.3674,-0.1319,0.6212,0.0141
"Eflin, Zach",CH,101,0.2244,0.3439,0.1287,82.3883,0.0831,98,0.4286,0.341,1.3012,0.0439
"Eflin, Zach",SI,102,0.2514,0.3241,0.098,84.9494,0.1309,81,0.3704,0.3814,2.1464,0.0682
"Eisert, Brandon",CH,155,0.0925,0.2368,0.4,79.9518,0.0443,228,0.3904,0.1432,0.6173,0.0204
"Eisert, Brandon",FF,139,0.5485,0.3791,0.295,82.1489,-0.0344,203,0.2069,0.8269,-0.7727,-0.0023
"Eisert, Brandon",SL,206,-0.0127,0.3165,0.2621,81.3164,-0.0012,175,0.3143,-0.0145,-0.1871,-0.0055
"Elder, Bryce",CH,124,-0.3558,0.3252,0.1774,85.9842,-0.0123,148,0.3243,-0.529,-0.3827,-0.0228
"Elder, Bryce",FF,135,0.6796,0.3122,0.1556,81.501,0.0174,139,0.2302,1.0235,0.1411,0.0275
"Elder, Bryce",SI,394,-0.7901,0.3553,0.1294,84.6781,-0.0332,528,0.2121,-1.1801,-0.7514,-0.048
"Elder, Bryce",SL,428,0.3001,0.3017,0.2967,82.6007,0.0503,438,0.3721,0.4545,0.7233,0.0305
"Englert, Mason",CH,119,0.6072,0.2628,0.3109,80.9853,-0.0,128,0.3516,0.9148,-0.1659,0.0165
"Enns, Dietrich",CH,122,-0.1814,0.2864,0.2213,77.2165,0.0694,110,0.4273,-0.2674,1.0601,0.0232
"Enns, Dietrich",FF,191,0.1027,0.2438,0.2932,80.6876,0.0984,125,0.352,0.1585,1.5726,0.0472
"Enright, Nic",FF,177,-0.9702,0.2958,0.1582,82.4263,0.0086,162,0.2407,-1.45,-0.0136,-0.0338
"Eovaldi, Nathan",CU,135,-0.2312,0.1284,0.437,75.9388,0.0825,176,0.358,-0.342,1.2918,0.0279
"Eovaldi, Nathan",FC,167,-0.0307,0.2583,0.1796,82.215,-0.068,125,0.184,-0.0415,-1.366,-0.0388
"Eovaldi, Nathan",FF,176,-0.281,0.3339,0.1136,85.7652,-0.0837,169,0.142,-0.4168,-1.6435,-0.0551
"Eovaldi, Nathan",FS,226,-1.0792,0.2701,0.3097,83.6611,0.031,199,0.3819,-1.6135,0.3818,-0.0266
"Erceg, Lucas",FF,140,0.8615,0.2817,0.25,85.7433,0.0027,120,0.2167,1.2961,-0.1178,0.0266
"Erceg, Lucas",SI,111,0.4308,0.2714,0.0811,83.8118,0.1747,78,0.4231,0.6505,2.9193,0.0958
"Erceg, Lucas",SL,120,0.0591,0.3091,0.3333,81.9284,-0.0443,164,0.2805,0.0932,-0.947,-0.0241
"Estrada, Jeremiah",FF,394,0.31,0.256,0.2614,84.0122,0.1323,338,0.3728,0.4693,2.1702,0.0709
"Estévez, Carlos",FF,269,-0.6784,0.3123,0.1599,83.7769,-0.0238,239,0.2218,-1.0125,-0.5863,-0.0396
"Estévez, Carlos",SL,135,0.5993,0.2929,0.1704,81.8682,-0.1235,131,0.2061,0.9031,-2.3473,-0.0441
"Evans, Logan",FC,139,-0.093,0.312,0.2302,83.5792,-0.0654,129,0.2093,-0.1348,-1.3204,-0.0396
"Evans, Logan",ST,115,-0.4764,0.3037,0.1913,82.2061,0.0185,154,0.3247,-0.7097,0.1604,-0.0119
"Fairbanks, Pete",FF,257,-0.0496,0.2738,0.2179,83.0429,0.0187,215,0.2605,-0.0699,0.1653,0.003
"Fairbanks, Pete",SL,157,1.4884,0.2519,0.3185,80.8847,-0.0257,172,0.2965,2.236,-0.6186,0.0344
"Falter, Bailey",FF,454,0.1322,0.31,0.1454,84.3568,0.013,427,0.2529,0.2027,0.0649,0.0065
"Falter, Bailey",SL,176,-1.0203,0.3239,0.1989,84.6638,-0.0255,185,0.2973,-1.5252,-0.6163,-0.0522
"Faucher, Calvin",FC,167,-0.3513,0.3374,0.1557,82.1178,-0.0229,137,0.2336,-0.5222,-0.5696,-0.0278
"Fedde, Erick",FC,270,0.2115,0.3342,0.1926,83.7163,-0.0438,252,0.2143,0.3216,-0.9381,-0.0185
"Fedde, Erick",SI,289,-0.2953,0.3611,0.09,86.1842,-0.0269,330,0.2091,-0.4382,-0.6412,-0.0278
"Fedde, Erick",ST,234,-0.0339,0.2943,0.2479,79.5274,-0.0031,314,0.3089,-0.0462,-0.2193,-0.0071
"Ferguson, Caleb",FC,105,0.5995,0.2757,0.219,79.9413,0.0422,94,0.3085,0.9034,0.5804,0.0369
"Ferguson, Caleb",FF,165,1.3423,0.2558,0.1879,81.2208,-0.0051,149,0.2282,2.0169,-0.2558,0.0394
"Ferguson, Caleb",SI,108,1.3233,0.272,0.1389,79.0368,0.1504,105,0.3714,1.9885,2.4914,0.1148
"Ferguson, Tyler",FF,198,0.2029,0.2753,0.1869,83.0587,0.0695,146,0.3082,0.3087,1.0623,0.0365
"Ferguson, Tyler",ST,100,-0.3662,0.2533,0.24,82.3261,-0.0265,152,0.2895,-0.5445,-0.6329,-0.0301
"Fermin, José",FF,137,-0.4419,0.3656,0.219,84.5622,-0.0285,121,0.2149,-0.6581,-0.6696,-0.0337
"Fermin, José",SL,125,-0.2773,0.1954,0.432,83.4062,-0.0541,171,0.2807,-0.4111,-1.1205,-0.0405
"Fernandez, Ryan",SL,115,0.7626,0.2489,0.3913,83.555,0.0074,123,0.3171,1.1478,-0.0344,0.0255
"Ferrer, José A.",CH,119,1.2973,0.2213,0.4706,77.3436,0.0327,166,0.3735,1.9495,0.4122,0.0564
"Ferrer, José A.",SI,340,0.5403,0.3007,0.1529,83.7714,0.0185,248,0.2581,0.8146,0.1621,0.0233
"Festa, David",CH,123,0.496,0.1959,0.4309,79.7565,0.0364,147,0.3469,0.7482,0.4781,0.0305
"Festa, David",FF,141,-0.0944,0.3964,0.1348,84.0991,0.0321,109,0.2661,-0.137,0.4017,0.008
"Festa, David",SL,106,0.3497,0.3229,0.3208,82.2242,-0.0198,113,0.2743,0.5288,-0.5149,-0.0021
"Festa, Matt",FF,167,0.2763,0.2965,0.2515,82.7196,0.0305,123,0.2683,0.4188,0.3739,0.02
"Festa, Matt",ST,137,-0.1957,0.1927,0.2628,78.5444,0.0796,130,0.4154,-0.2888,1.2402,0.0277
"Finnegan, Kyle",FF,255,-0.4436,0.3111,0.1333,84.548,-0.0111,202,0.2277,-0.6605,-0.3608,-0.0252
"Finnegan, Kyle",FS,133,-0.7282,0.3018,0.2556,84.0629,-0.0114,146,0.3493,-1.0873,-0.3672,-0.0352
"Fisher, Braydon",SL,167,0.5968,0.2113,0.3234,79.002,0.0185,173,0.3468,0.8992,0.1612,0.0252
"Fitts, Richard",FF,133,0.4173,0.3446,0.1805,81.546,0.0502,126,0.2857,0.6301,0.7202,0.0345
"Fitts, Richard",SL,107,-0.3429,0.3815,0.243,84.064,-0.0385,87,0.2989,-0.5095,-0.8446,-0.0351
"Flaherty, Jack",FF,597,-0.4478,0.364,0.1424,83.8907,-0.0588,544,0.171,-0.6669,-1.2033,-0.0487
"Flaherty, Jack",SL,285,0.4536,0.2809,0.2702,83.3944,-0.0307,396,0.2955,0.6845,-0.7077,-0.0038
"Flexen, Chris",FF,136,-0.4689,0.2832,0.125,83.6625,0.0637,125,0.296,-0.6985,0.9589,0.0104
"Fluharty, Mason",FC,202,0.4793,0.2517,0.2376,82.1324,-0.0347,225,0.2356,0.7231,-0.7777,-0.0048
"Fluharty, Mason",ST,149,-0.1327,0.2961,0.3691,81.2711,0.0587,185,0.3622,-0.1944,0.8717,0.0196
"Francis, Bowden",FF,320,-0.6438,0.3297,0.125,85.5421,0.0205,268,0.25,-0.9607,0.1962,-0.0167
"Freeland, Kyle",FC,157,-1.7214,0.4201,0.172,87.9899,0.0163,121,0.281,-2.5763,0.1229,-0.056
"Freeland, Kyle",FF,407,-1.1256,0.4083,0.0934,85.2141,-0.0532,247,0.1943,-1.683,-1.1048,-0.0694
"Freeland, Kyle",ST,150,-0.297,0.2669,0.2467,84.2747,0.0986,129,0.3876,-0.4408,1.5762,0.0335
"Fried, Max",CH,159,-0.9266,0.257,0.2767,77.6752,-0.0425,194,0.3144,-1.3847,-0.9167,-0.0573
"Fried, Max",CU,153,-0.1346,0.2771,0.3856,82.012,-0.0203,208,0.2981,-0.1973,-0.5237,-0.019
"Fried, Max",FC,394,0.439,0.297,0.1548,82.7773,0.0471,354,0.3277,0.6627,0.6661,0.0337
"Fried, Max",FF,198,0.6838,0.2641,0.1818,83.5718,0.0226,181,0.2762,1.0297,0.2329,0.0302
"Fried, Max",SI,269,-0.4548,0.2385,0.2268,82.5225,0.0267,247,0.2794,-0.6773,0.3058,-0.0072
"Fried, Max",ST,104,-0.1083,0.287,0.3846,80.4051,-0.1101,158,0.1899,-0.1578,-2.1098,-0.062
"Gaddis, Hunter",FF,194,0.305,0.3048,0.2062,86.7772,0.1093,140,0.3429,0.4617,1.7647,0.0595
"Gaddis, Hunter",SL,271,-0.0739,0.2667,0.3284,83.1236,0.0623,311,0.3666,-0.1062,0.9354,0.0234
"Gage, Matt",SL,116,1.0063,0.2223,0.1638,81.5943,-0.0497,120,0.2667,1.5132,-1.0434,0.006
"Gallen, Zac",CH,215,0.3977,0.2497,0.2791,80.2582,0.0023,299,0.3244,0.6008,-0.1249,0.0104
"Gallen, Zac",FF,539,0.0971,0.3615,0.1058,86.9146,-0.0755,611,0.1522,0.1502,-1.4987,-0.038
"Gallen, Zac",SL,180,-0.8534,0.3565,0.1722,82.3104,-0.0461,211,0.2701,-1.275,-0.9795,-0.0565
"Garcia, Rico",FF,121,-0.7026,0.2745,0.2562,85.2038,0.105,88,0.3295,-1.0489,1.6884,0.0225
"Garcia, Robert",CH,130,1.1715,0.2248,0.2923,79.3554,0.1168,162,0.463,1.7609,1.8973,0.0931
"Garcia, Robert",FF,213,0.6683,0.2923,0.2817,81.5043,0.01,161,0.2422,1.0064,0.0118,0.0235
"Garcia, Robert",SL,125,-0.7192,0.3549,0.216,82.2467,-0.0549,102,0.2647,-1.0737,-1.135,-0.0562
"García, Luis",SI,169,-0.4118,0.3132,0.1302,86.7191,0.0513,121,0.2893,-0.6128,0.7413,0.0064
"Garrett, Reed",SI,103,0.0411,0.2928,0.1262,81.2571,0.0773,115,0.3217,0.0662,1.1989,0.0347
"Gausman, Kevin",FF,925,-0.4628,0.3329,0.1438,84.255,0.032,610,0.259,-0.6893,0.4,-0.0048
"Gausman, Kevin",FS,407,-0.2518,0.2031,0.3956,77.7032,0.0459,588,0.3929,-0.3729,0.6443,0.0092
"Gausman, Kevin",SL,100,0.1932,0.4104,0.37,82.7746,-0.1033,197,0.2132,0.2942,-1.9894,-0.0483
"Gil, Luis",FF,239,-0.6543,0.3347,0.1715,86.7214,-0.0331,227,0.1938,-0.9765,-0.7502,-0.0433
"Gil, Luis",SL,110,-0.2446,0.1568,0.2909,80.3457,-0.0933,129,0.2403,-0.3622,-1.8137,-0.0585
"Gilbert, Logan",FF,434,-1.0331,0.3049,0.1636,86.1709,-0.0454,302,0.1887,-1.5443,-0.9666,-0.0624
"Gilbert, Logan",FS,145,1.4221,0.1199,0.5172,81.1344,0.0306,202,0.4059,2.1365,0.3748,0.0596
"Gilbert, Logan",SL,370,-0.4741,0.2888,0.3351,83.5866,-0.0273,374,0.2968,-0.7063,-0.647,-0.0342
"Gilbert, Tyler",SI,113,-0.5552,0.359,0.1239,83.1872,0.0423,115,0.287,-0.8278,0.5821,-0.003
"Gilbert, Tyler",ST,100,0.4361,0.1961,0.42,81.0736,-0.0639,128,0.2344,0.6584,-1.2939,-0.0206
"Ginkel, Kevin",FF,109,0.5601,0.3472,0.1651,84.1912,0.0009,115,0.2435,0.8442,-0.1498,0.0153
"Ginn, J.T.",SI,304,-0.529,0.2979,0.2138,83.4519,0.0098,364,0.2555,-0.7885,0.0078,-0.018
"Ginn, J.T.",SL,169,-0.3502,0.2726,0.3669,78.7444,-0.019,226,0.3053,-0.5205,-0.5004,-0.0258
"Giolito, Lucas",CH,286,0.2387,0.2813,0.2448,80.3314,-0.0145,250,0.324,0.3623,-0.4209,-0.0033
"Giolito, Lucas",FF,495,0.3984,0.362,0.1475,85.2069,0.0037,492,0.2358,0.6018,-0.0998,0.0111
"Giolito, Lucas",SL,264,-0.2165,0.2949,0.303,84.5,-0.0251,329,0.2948,-0.32,-0.6089,-0.0242
"Glasnow, Tyler",CU,156,1.2355,0.2055,0.3782,78.8894,0.015,218,0.3028,1.8569,0.0987,0.0456
"Glasnow, Tyler",FF,266,-0.232,0.2406,0.1842,83.6101,-0.0417,237,0.1941,-0.3432,-0.9026,-0.0329
"Glasnow, Tyler",SI,129,-0.1623,0.3191,0.155,84.764,-0.1241,152,0.1184,-0.2388,-2.3576,-0.0707
"Glasnow, Tyler",SL,165,-0.3793,0.2487,0.4,82.8966,-0.0477,237,0.27,-0.5641,-1.0084,-0.0409
"Gomber, Austin",FF,156,-1.4981,0.3943,0.0705,85.3131,-0.1095,132,0.1212,-2.2415,-2.0985,-0.1098
"Gonsolin, Tony",FF,107,0.8493,0.2825,0.1963,84.6724,-0.0268,107,0.2056,1.2778,-0.6383,0.0118
"Gordon, Colton",FF,301,-0.3666,0.3957,0.1329,82.1563,0.0075,226,0.2566,-0.5452,-0.0335,-0.0135
"Gordon, Colton",ST,161,-0.48,0.2768,0.2422,81.3595,-0.0011,160,0.3188,-0.715,-0.1847,-0.0216
"Gordon, Tanner",CH,149,-0.1935,0.3577,0.2483,82.6317,0.0408,131,0.3817,-0.2855,0.5557,0.0088
"Gordon, Tanner",FF,336,-0.476,0.3799,0.125,84.2148,0.0008,247,0.2348,-0.7092,-0.152,-0.0206
"Gordon, Tanner",SL,146,-0.5998,0.3402,0.1849,80.9378,-0.0781,155,0.2323,-0.8948,-1.545,-0.0634
"Gore, MacKenzie",CH,114,0.6247,0.2324,0.4912,78.6094,-0.0077,185,0.3405,0.9411,-0.3007,0.0134
"Gore, MacKenzie",CU,220,0.5306,0.2404,0.35,81.3967,0.0364,297,0.3468,0.8001,0.4773,0.0317
"Gore, MacKenzie",FF,709,-0.1438,0.3542,0.1791,83.2128,0.0204,604,0.2566,-0.2111,0.1947,0.0005
"Gore, MacKenzie",SL,167,-0.3777,0.2395,0.3772,80.8032,-0.0087,160,0.3125,-0.5618,-0.3198,-0.0218
"Graceffo, Gordon",FF,158,0.2871,0.3513,0.1329,86.7945,0.0088,127,0.2441,0.435,-0.0106,0.0097
"Granillo, Andre",SL,106,-0.5843,0.248,0.3396,82.0803,-0.0209,97,0.299,-0.8715,-0.5354,-0.0349
"Gray, Sonny",CU,156,-0.4784,0.2848,0.2949,82.6485,0.015,188,0.2926,-0.7127,0.1002,-0.0137
"Gray, Sonny",FC,134,0.4352,0.3583,0.2239,83.4646,-0.0133,154,0.2338,0.657,-0.4011,0.0041
"Gray, Sonny",FF,262,-0.0684,0.3811,0.1794,84.9759,-0.0008,225,0.2222,-0.098,-0.1801,-0.0072
"Gray, Sonny",SI,210,-0.4128,0.3581,0.1333,83.7204,-0.0101,189,0.2434,-0.6143,-0.3436,-0.0237
"Gray, Sonny",ST,277,1.3254,0.1979,0.4152,81.6315,0.2097,306,0.5131,1.9916,3.537,0.1438
"Green, Chad",FF,191,-0.5274,0.3832,0.1675,87.0646,0.0564,150,0.2933,-0.7862,0.8311,0.0049
"Green, Chad",SL,148,-0.7017,0.3034,0.2297,82.4424,-0.067,184,0.2663,-1.0475,-1.3487,-0.0615
"Greene, Hunter",FF,553,-0.2526,0.2895,0.2007,84.2035,0.048,324,0.2809,-0.3742,0.6819,0.0102
"Greene, Hunter",SL,295,1.3983,0.2441,0.461,81.8527,0.0576,345,0.3739,2.1009,0.8522,0.072
"Gusto, Ryan",FF,377,-0.0859,0.2522,0.2679,84.2839,-0.0071,319,0.2194,-0.1242,-0.2914,-0.0109
"Gómez, Yoendrys",FF,177,0.4877,0.297,0.2542,83.2164,0.0591,169,0.284,0.7357,0.8784,0.0413
"Hader, Josh",SI,243,0.3096,0.1894,0.2798,81.7301,0.0797,187,0.3316,0.4686,1.2414,0.0452
"Hader, Josh",SL,162,2.2715,0.1682,0.5617,81.4077,0.1145,198,0.4293,3.41,1.8559,0.13
"Halvorsen, Seth",FF,140,1.4035,0.2887,0.25,84.4568,0.0044,170,0.2412,2.1088,-0.0876,0.0462
"Hamilton, Ian",SI,137,1.1531,0.3643,0.0876,84.3362,0.0178,132,0.2576,1.7333,0.1485,0.0441
"Hamilton, Ian",SL,118,0.1252,0.1526,0.4661,82.758,0.0611,145,0.3793,0.1922,0.9143,0.0297
"Hancock, Emerson",CH,127,-1.1199,0.3593,0.2362,84.0686,-0.0209,181,0.3094,-1.6745,-0.5342,-0.0534
"Hancock, Emerson",FF,204,-0.041,0.3119,0.2206,80.8554,0.0237,178,0.2528,-0.0569,0.2522,0.0057
"Hancock, Emerson",SI,256,-1.0062,0.3439,0.0703,85.3959,-0.0335,203,0.2069,-1.504,-0.7564,-0.0556
"Hanifee, Brenan",SI,249,-0.3697,0.3406,0.0964,87.2371,-0.0106,211,0.2275,-0.5497,-0.353,-0.0224
"Harris, Hogan",FF,278,0.734,0.3129,0.2014,82.9421,-0.0141,246,0.2073,1.105,-0.414,0.014
"Harrison, Kyle",FF,179,0.2101,0.268,0.2402,83.0262,0.0649,137,0.3139,0.3195,0.9801,0.0345
"Headrick, Brent",FF,135,0.7254,0.259,0.1926,82.7556,0.1253,90,0.3778,1.0921,2.0467,0.0818
"Heaney, Andrew",CH,159,-0.0522,0.3043,0.1698,84.2618,0.0012,201,0.3532,-0.0737,-0.1443,-0.0057
"Heaney, Andrew",FF,423,-0.3638,0.3517,0.1466,83.9277,-0.0003,363,0.2369,-0.5409,-0.1714,-0.0172
"Heaney, Andrew",SL,159,-0.5599,0.2825,0.2893,80.3562,0.008,201,0.3284,-0.8349,-0.0234,-0.0199
"Helsley, Ryan",FF,219,0.0999,0.3936,0.1598,86.6908,0.0057,183,0.2404,0.1544,-0.064,0.0018
"Helsley, Ryan",SL,235,1.651,0.1837,0.4213,77.9772,0.0787,232,0.3836,2.4797,1.2238,0.091
"Henderson, Logan",FF,111,-0.4741,0.2746,0.2252,82.8606,0.0883,79,0.3165,-0.7063,1.3937,0.0223
"Hendricks, Kyle",CH,504,0.1642,0.265,0.2302,77.4902,0.0674,579,0.4024,0.2506,1.0245,0.0341
"Hendricks, Kyle",FF,153,-0.2115,0.313,0.1961,79.5138,0.0048,178,0.2303,-0.3125,-0.0802,-0.0094
"Hendricks, Kyle",SI,445,0.0706,0.3151,0.0854,80.7476,0.0322,357,0.2857,0.1103,0.4032,0.0137
"Henriquez, Ronny",FF,150,0.8639,0.3095,0.18,83.492,-0.0048,142,0.2465,1.2998,-0.2499,0.0231
"Henriquez, Ronny",SL,134,-0.114,0.1886,0.3731,81.6935,0.0598,129,0.3798,-0.1664,0.8912,0.0208
"Henriquez, Ronny",ST,148,0.9367,0.2182,0.4662,81.5229,0.1431,168,0.4524,1.4089,2.362,0.0978
"Henry, Cole",FF,219,0.4733,0.2407,0.2557,85.4289,-0.0213,222,0.2027,0.7141,-0.5424,0.0015
"Henry, Cole",ST,100,-0.2859,0.2197,0.28,78.8076,-0.0952,166,0.2048,-0.4241,-1.8466,-0.0609
"Herget, Jimmy",SI,101,-0.8048,0.3483,0.099,86.9145,-0.1544,134,0.0746,-1.2021,-2.8923,-0.1078
"Herget, Jimmy",SL,160,-0.4985,0.2822,0.2375,82.4009,-0.0124,131,0.2977,-0.7428,-0.3836,-0.0277
"Herget, Jimmy",ST,174,-0.3553,0.1721,0.3333,80.2806,0.0988,156,0.4038,-0.5281,1.5789,0.0315
"Hernández, Carlos",FF,200,0.1923,0.3327,0.175,84.8961,0.0184,159,0.2516,0.2928,0.1588,0.0111
"Hernández, Daysbel",FF,121,0.3453,0.2197,0.2066,82.9693,-0.1012,154,0.1364,0.5222,-1.9529,-0.042
"Hernández, Daysbel",SL,170,-0.2027,0.249,0.3118,83.5495,-0.0058,224,0.317,-0.2993,-0.2687,-0.0143
"Herrin, Tim",CU,103,0.7974,0.1267,0.4272,77.6019,0.0394,155,0.3613,1.2001,0.5295,0.0423
"Hicks, Jordan",SI,247,0.3955,0.3223,0.0769,86.2787,-0.0661,226,0.1903,0.5974,-1.3332,-0.0231
"Hicks, Jordan",ST,103,0.5381,0.301,0.4563,78.4564,-0.0054,132,0.3258,0.8112,-0.2613,0.0115
"Hill, Tim",SI,385,-0.2294,0.2687,0.1377,83.9415,0.1142,335,0.3552,-0.3394,1.8521,0.0434
"Hodge, Porter",FF,110,0.3914,0.3931,0.1818,83.4901,-0.0821,154,0.1623,0.5914,-1.6147,-0.031
"Hoffman, Jeff",FF,245,-0.0876,0.3516,0.1959,84.5775,0.0476,215,0.2791,-0.1268,0.6758,0.0158
"Hoffman, Jeff",FS,114,-0.3207,0.1973,0.3158,80.789,0.0152,138,0.3696,-0.4763,0.103,-0.0081
"Hoffman, Jeff",SL,174,2.2886,0.2115,0.477,76.1395,0.0586,236,0.3771,3.4357,0.8697,0.1033
"Holmes, Clay",CH,202,0.4673,0.2088,0.297,81.387,0.072,285,0.407,0.7051,1.1055,0.0469
"Holmes, Clay",SI,435,0.1424,0.3007,0.1494,85.9338,0.0286,445,0.2629,0.218,0.3389,0.0144
"Holmes, Clay",SL,121,-0.5531,0.3319,0.2893,81.5192,-0.0146,139,0.3094,-0.8247,-0.424,-0.0308
"Holmes, Clay",ST,149,-0.6205,0.2147,0.2416,78.2448,-0.0277,243,0.2798,-0.9258,-0.6548,-0.0395
"Holmes, Grant",CU,109,-0.3293,0.2513,0.2752,78.8739,0.0444,169,0.3195,-0.4891,0.6189,0.0058
"Holmes, Grant",FC,135,-0.7543,0.3081,0.1037,82.8683,-0.0379,101,0.2277,-1.1263,-0.835,-0.0491
"Holmes, Grant",FF,246,-0.4777,0.4311,0.1463,85.323,-0.0816,281,0.1495,-0.7117,-1.6061,-0.0609
"Holmes, Grant",SL,366,0.1665,0.222,0.4071,82.8225,0.061,392,0.3852,0.2541,0.9111,0.0311
"Holton, Tyler",FC,143,-0.9844,0.3159,0.1329,84.1657,0.0299,124,0.3226,-1.4714,0.362,-0.0239
"Holton, Tyler",SI,112,0.111,0.2876,0.1071,84.5163,-0.0154,73,0.2192,0.1709,-0.4374,-0.0082
"Horton, Cade",CH,110,0.5968,0.1903,0.4455,75.717,0.014,157,0.3376,0.8993,0.0811,0.023
"Horton, Cade",FF,410,-0.4824,0.3399,0.1049,85.7663,-0.0292,316,0.1962,-0.7187,-0.6804,-0.0354
"Horton, Cade",ST,194,0.077,0.2114,0.3711,82.1922,0.1014,195,0.4256,0.1199,1.6247,0.0477
"Houck, Tanner",SI,127,0.0312,0.3655,0.1417,86.2451,0.0712,133,0.3158,0.0513,1.0913,0.0314
"Houser, Adrian",CH,138,0.0581,0.286,0.3406,78.636,0.0003,183,0.3443,0.0916,-0.1594,-0.0023
"Houser, Adrian",FF,112,0.7871,0.2137,0.1607,83.2261,0.0796,114,0.3158,1.1846,1.2394,0.0616
"Houser, Adrian",SI,411,-0.3736,0.3245,0.0949,85.7805,-0.0065,295,0.2475,-0.5555,-0.2811,-0.0206
"Houser, Adrian",SL,137,-0.3015,0.2347,0.1971,82.5762,-0.0401,153,0.2941,-0.4476,-0.8742,-0.0345
"Hurter, Brant",SI,227,-0.1562,0.3222,0.1057,82.8852,-0.0106,206,0.233,-0.2296,-0.353,-0.0151
"Hurter, Brant",ST,113,2.2657,0.1875,0.4336,77.8295,-0.0225,168,0.2798,3.4014,-0.5633,0.0629
"Iglesias, Raisel",CH,148,0.0394,0.2395,0.3919,82.724,0.1635,145,0.4897,0.0637,2.722,0.0768
"Iglesias, Raisel",FF,198,0.4816,0.2262,0.2424,85.0076,0.0255,159,0.2516,0.7266,0.285,0.0246
"Imanaga, Shota",FF,562,-0.907,0.3623,0.1263,84.646,-0.0047,428,0.2313,-1.3552,-0.2479,-0.0381
"Imanaga, Shota",FS,189,-0.3863,0.292,0.2804,80.0405,0.0533,171,0.4094,-0.5746,0.7752,0.0082
"Imanaga, Shota",ST,148,0.4621,0.2675,0.3176,79.9295,0.0334,164,0.3293,0.6974,0.4242,0.0278
"Irvin, Jake",CH,110,-1.3748,0.3514,0.1455,87.9467,-0.0873,98,0.2245,-2.0567,-1.7072,-0.0947
"Irvin, Jake",CU,344,-1.1277,0.3148,0.2413,82.5083,0.0227,361,0.3158,-1.6862,0.2349,-0.0324
"Irvin, Jake",FF,422,-0.1276,0.3838,0.1517,85.7893,0.0119,435,0.2322,-0.1868,0.0455,-0.0031
"Irvin, Jake",SI,283,0.078,0.3202,0.1025,83.4097,0.0331,224,0.2768,0.1214,0.4191,0.0144
"Jackson, Luke",FF,102,0.0551,0.3355,0.1078,84.1282,-0.0503,126,0.1825,0.0871,-1.0533,-0.0271
"Jackson, Luke",SL,178,-0.9422,0.2759,0.2416,83.2926,-0.0051,182,0.3132,-1.408,-0.2547,-0.0395
"Jacob, Alek",FF,108,0.1238,0.2445,0.2222,79.4519,-0.0457,116,0.1983,0.1902,-0.9719,-0.0225
"Jansen, Kenley",FC,340,-0.3493,0.2974,0.1971,84.5408,-0.0306,249,0.2369,-0.5191,-0.7062,-0.0315
"Javier, Cristian",FF,115,0.1227,0.1995,0.1304,84.5259,-0.0081,116,0.2328,0.1885,-0.3081,-0.0042
"Jax, Griffin",CH,130,-0.2241,0.1946,0.4385,81.0877,0.073,141,0.4184,-0.3314,1.1234,0.0234
"Jax, Griffin",ST,179,0.554,0.2417,0.4358,80.3217,0.1,205,0.3951,0.8352,1.5998,0.0635
"Jobe, Jackson",FF,116,-0.3116,0.3322,0.1379,86.2883,-0.0211,130,0.2077,-0.4626,-0.5384,-0.0256
"Jobe, Jackson",SL,103,0.1659,0.2579,0.233,81.1443,-0.0014,120,0.325,0.2533,-0.1896,0.0006
"Johnson, Pierce",CU,239,0.0953,0.303,0.251,83.1154,0.015,231,0.3074,0.1474,0.0992,0.0061
"Junis, Jakob",CH,102,-0.5485,0.1872,0.2451,81.2239,0.0414,111,0.3784,-0.8178,0.5653,-0.0032
"Junis, Jakob",SI,113,0.6119,0.4258,0.1062,82.7789,-0.0064,103,0.2427,0.9219,-0.2793,0.0135
"Junis, Jakob",SL,176,-0.0387,0.2499,0.3068,80.2241,-0.0473,217,0.2581,-0.0535,-1.0006,-0.0289
"Junk, Janson",FF,315,-0.6484,0.3111,0.1238,85.4454,0.0667,244,0.3115,-0.9676,1.0129,0.0057
"Junk, Janson",SL,236,-0.8999,0.3282,0.2246,82.6006,0.0056,193,0.3316,-1.3447,-0.0657,-0.0328
"Junk, Janson",ST,120,-0.5783,0.2375,0.1833,80.2889,0.0323,103,0.3301,-0.8625,0.4046,-0.0087
"Kahnle, Tommy",CH,375,0.0985,0.3019,0.232,83.5928,-0.0555,456,0.2785,0.1523,-1.1456,-0.0282
"Keller, Brad",FF,216,-0.3185,0.264,0.1528,84.5316,-0.0421,199,0.1859,-0.473,-0.9085,-0.036
"Keller, Mitch",FF,483,-0.0061,0.3298,0.1387,83.2839,-0.0357,397,0.199,-0.0045,-0.7964,-0.0221
"Keller, Mitch",SI,209,-0.8395,0.3113,0.1196,84.7835,-0.1251,202,0.1337,-1.2541,-2.375,-0.0946
"Keller, Mitch",SL,209,-0.106,0.2873,0.2632,82.9535,0.0381,204,0.3578,-0.1544,0.5076,0.0105
"Keller, Mitch",ST,238,-0.6627,0.2726,0.2563,81.7112,0.0716,237,0.3966,-0.9891,1.0989,0.0076
"Kelly, Kevin",SI,146,-0.6782,0.4235,0.1301,86.2771,-0.0137,115,0.2348,-1.0123,-0.4081,-0.0346
"Kelly, Merrill",CH,417,0.1533,0.2322,0.3285,81.238,0.1507,512,0.4824,0.2343,2.4949,0.0744
"Kelly, Merrill",FC,239,0.0009,0.3806,0.1464,81.6717,0.0316,222,0.2883,0.0058,0.3924,0.011
"Kelly, Merrill",FF,263,-0.4336,0.3152,0.2091,84.1101,-0.0366,281,0.1851,-0.6456,-0.812,-0.0374
"Kelly, Merrill",SI,161,-1.1042,0.3808,0.0559,86.3417,-0.0443,154,0.1948,-1.6509,-0.948,-0.0643
"Kelly, Michael",ST,110,-0.7697,0.3748,0.1364,84.0576,-0.0112,110,0.2818,-1.1495,-0.3631,-0.0366
"Kerkering, Orion",FF,162,0.6739,0.2293,0.2593,82.8752,0.0125,155,0.2387,1.0149,0.0559,0.025
"Kerkering, Orion",ST,189,0.3241,0.2851,0.2328,81.4684,-0.0404,218,0.2569,0.4904,-0.8788,-0.013
"Kershaw, Clayton",FF,209,-0.4416,0.3145,0.0718,85.7753,-0.1545,263,0.0837,-0.6576,-2.8939,-0.0952
"Kershaw, Clayton",SL,378,-1.3353,0.2951,0.254,85.5888,0.0235,341,0.349,-1.9974,0.249,-0.0392
"Kikuchi, Yusei",CH,164,0.1404,0.2512,0.2622,79.56,-0.0257,214,0.3178,0.215,-0.6188,-0.0122
"Kikuchi, Yusei",CU,151,-0.0371,0.2027,0.2914,81.959,-0.012,169,0.3018,-0.0512,-0.3774,-0.0116
"Kikuchi, Yusei",FF,498,-0.3884,0.3384,0.1867,83.5281,-0.0266,466,0.2146,-0.5777,-0.6347,-0.0309
"Kikuchi, Yusei",SL,493,-0.7984,0.3331,0.2211,84.9566,-0.0463,487,0.2752,-1.1925,-0.9832,-0.0547
"King, Bryan",FF,320,0.6444,0.293,0.2156,82.0862,0.053,251,0.2869,0.9706,0.7698,0.0437
"King, Bryan",ST,114,-0.5064,0.2897,0.2281,82.2897,0.0491,127,0.3386,-0.7546,0.7012,0.002
"King, John",SI,210,-0.0267,0.3397,0.1286,85.6799,0.0012,165,0.2545,-0.0355,-0.1443,-0.0048
"King, Michael",CH,130,-0.1947,0.2271,0.2385,77.1322,0.0736,146,0.3973,-0.2874,1.1337,0.0247
"King, Michael",FF,130,0.5239,0.4836,0.2923,82.0131,-0.0038,159,0.2201,0.79,-0.2333,0.0118
"King, Michael",SI,118,-0.097,0.3034,0.1271,82.7758,-0.0041,133,0.2406,-0.1409,-0.2381,-0.0098
"Kinley, Tyler",FF,106,0.183,0.2967,0.1132,87.5419,-0.0489,141,0.1844,0.2789,-1.0294,-0.0221
"Kinley, Tyler",SL,372,0.3066,0.2556,0.3306,80.8044,0.0424,352,0.3551,0.4642,0.5833,0.0268
"Kirby, George",FF,335,0.2662,0.2498,0.2597,82.518,0.0819,322,0.3043,0.4036,1.281,0.0448
"Kirby, George",SI,267,-0.4462,0.3506,0.1086,82.9632,-0.0484,288,0.1944,-0.6644,-1.0205,-0.0436
"Kirby, George",ST,249,-0.0562,0.3018,0.2932,84.8069,0.0652,279,0.362,-0.0798,0.9863,0.0255
"Kittredge, Andrew",SI,124,-1.0621,0.3635,0.0968,81.6663,0.0578,138,0.3043,-1.5878,0.8552,-0.013
"Kittredge, Andrew",SL,247,0.4528,0.2072,0.3644,81.8835,0.1804,236,0.5085,0.6834,3.0197,0.0993
"Knack, Landon",FF,167,-0.591,0.4027,0.1497,84.1757,0.0306,150,0.2467,-0.8816,0.3756,-0.0099
"Kochanowicz, Jack",CH,140,-0.5637,0.3416,0.25,84.6047,0.035,133,0.3534,-0.8406,0.4534,-0.0068
"Kochanowicz, Jack",FF,155,-0.2909,0.3291,0.2129,85.3661,-0.0121,170,0.2235,-0.4317,-0.3791,-0.0204
"Kochanowicz, Jack",SI,397,-0.621,0.3242,0.136,87.3029,0.0309,418,0.2799,-0.9265,0.3805,-0.0108
"Koenig, Jared",SI,247,0.2142,0.2576,0.1538,84.8598,-0.0439,204,0.1961,0.3256,-0.9401,-0.0185
"Kolek, Stephen",FC,106,-0.6216,0.2849,0.1981,84.9235,-0.0304,86,0.2209,-0.9275,-0.7022,-0.0408
"Kolek, Stephen",FF,167,0.1311,0.3358,0.1317,84.3935,-0.0466,203,0.1724,0.2011,-0.9887,-0.0227
"Kolek, Stephen",SI,188,-0.2317,0.2977,0.1277,85.5687,0.059,160,0.3062,-0.3428,0.8765,0.0163
"Kolek, Stephen",SL,137,-0.5389,0.3147,0.2044,84.0867,0.0048,139,0.3237,-0.8035,-0.0805,-0.0208
"Kranick, Max",FF,114,0.2195,0.26,0.2281,82.1696,0.0767,96,0.3125,0.3335,1.1897,0.0406
"Kranick, Max",SL,103,-0.9471,0.3627,0.1068,84.7679,-0.1341,69,0.1884,-1.4154,-2.5336,-0.1027
"Kremer, Dean",CU,126,-0.0178,0.3106,0.2063,83.4447,0.0627,152,0.3618,-0.0222,0.9413,0.0255
"Kremer, Dean",FC,225,0.4404,0.277,0.2222,80.0533,0.0238,266,0.312,0.6648,0.254,0.0224
"Kremer, Dean",FF,335,-0.2602,0.3277,0.1343,84.3974,0.002,305,0.2295,-0.3855,-0.1307,-0.0125
"Kremer, Dean",FS,204,-0.3685,0.2209,0.3676,77.8912,-0.0256,230,0.3391,-0.548,-0.6169,-0.0297
"Kremer, Dean",SI,229,0.2192,0.3508,0.0786,82.7434,0.0078,188,0.2606,0.3331,-0.0272,0.0069
"Latz, Jacob",CH,149,-0.0248,0.3016,0.4161,79.963,0.0066,180,0.3611,-0.0327,-0.0481,-0.0021
"Latz, Jacob",FF,344,-0.5949,0.3062,0.2064,83.7348,0.0154,288,0.2465,-0.8874,0.1067,-0.0175
"Latz, Jacob",SL,124,0.7915,0.2051,0.2903,80.2235,-0.0227,139,0.295,1.1912,-0.5666,0.0118
"Lauer, Eric",FC,142,-0.1009,0.4011,0.2113,81.6061,-0.0049,135,0.2519,-0.1467,-0.2519,-0.0104
"Lauer, Eric",FF,441,-0.4617,0.3031,0.1633,83.0313,0.0402,338,0.2781,-0.6877,0.5444,-0.0008
"Lazar, Max",FF,160,0.4318,0.3755,0.15,86.8713,0.0027,136,0.2426,0.6519,-0.1181,0.0118
"Leahy, Kyle",FF,157,0.9917,0.3286,0.2038,84.2615,-0.0372,174,0.1897,1.4913,-0.8217,0.0117
"Leahy, Kyle",SL,132,-1.1307,0.422,0.1667,82.6637,-0.0976,93,0.2043,-1.6906,-1.8891,-0.0913
"Leahy, Kyle",ST,103,-0.9028,0.2892,0.301,79.2299,0.1349,81,0.4321,-1.349,2.2166,0.0302
"Leasure, Jordan",FF,286,-0.668,0.2588,0.2063,84.5564,0.032,304,0.2632,-0.9969,0.3998,-0.0119
"Leasure, Jordan",SL,219,1.3483,0.2064,0.3653,79.0754,0.0099,266,0.3271,2.026,0.0088,0.047
"Lee, Dylan",FF,151,0.0001,0.3531,0.1457,82.7053,-0.0208,123,0.2114,0.0046,-0.5323,-0.0146
"Lee, Dylan",SL,310,-0.5549,0.2307,0.4032,81.2175,0.0423,299,0.3445,-0.8274,0.5817,-0.003
"Legumina, Casey",FF,212,0.846,0.238,0.2406,81.8007,0.0411,192,0.2656,1.273,0.5596,0.0448
"Leiter Jr., Mark",SI,129,-0.4791,0.371,0.093,84.4936,-0.0377,108,0.213,-0.7137,-0.831,-0.0395
"Leiter, Jack",CH,169,-0.2903,0.2955,0.3077,83.5843,-0.1166,229,0.2096,-0.4306,-2.2239,-0.0715
"Leiter, Jack",FF,484,0.1307,0.2861,0.186,83.8972,0.0044,438,0.2374,0.2004,-0.0874,0.0022
"Leiter, Jack",SI,142,-0.0441,0.4062,0.1338,84.9991,0.0422,120,0.2833,-0.0616,0.5806,0.0146
"Leiter, Jack",SL,299,-0.6792,0.269,0.2508,82.3066,-0.0171,281,0.3096,-1.0138,-0.4666,-0.0363
"Liberatore, Matthew",CH,115,-0.9971,0.3285,0.1478,84.3798,-0.0975,125,0.248,-1.4903,-1.8866,-0.0866
"Liberatore, Matthew",CU,104,0.6619,0.2203,0.3269,81.9327,0.0184,161,0.323,0.9968,0.1599,0.0274
"Liberatore, Matthew",FF,328,-0.3445,0.368,0.0976,85.9465,0.0284,294,0.2721,-0.512,0.3362,-0.0025
"Liberatore, Matthew",SI,116,0.2444,0.4295,0.0517,87.4621,-0.0499,94,0.1702,0.3709,-1.0466,-0.0204
"Liberatore, Matthew",SL,274,-0.1256,0.2659,0.3066,83.3023,0.1021,258,0.4264,-0.1837,1.637,0.0411
"Littell, Zack",FF,324,-0.3255,0.3066,0.2006,84.9684,0.0655,293,0.3038,-0.4835,0.991,0.0163
"Littell, Zack",FS,258,-0.1701,0.264,0.2287,84.1588,0.0013,238,0.3613,-0.2505,-0.1416,-0.0097
"Littell, Zack",SI,213,0.4508,0.3088,0.108,83.3715,-0.0035,154,0.2468,0.6804,-0.2266,0.0094
"Littell, Zack",SL,387,-0.3904,0.3659,0.1654,84.0116,0.0027,330,0.3212,-0.5808,-0.1175,-0.0166
"Little, Brendon",SI,189,-0.9913,0.3225,0.291,86.5474,-0.0328,302,0.2119,-1.4817,-0.7452,-0.0548
"Lodolo, Nick",CH,273,-0.4818,0.2865,0.2491,79.9874,0.0421,293,0.3857,-0.7178,0.5778,-0.0006
"Lodolo, Nick",CU,269,0.6316,0.1758,0.3755,81.0632,0.073,308,0.3701,0.9514,1.1245,0.0531
"Lodolo, Nick",FF,307,1.3194,0.2953,0.1987,82.7014,-0.0163,304,0.227,1.9826,-0.4529,0.0332
"Lodolo, Nick",SI,240,-0.1313,0.3617,0.1083,83.7192,0.0313,196,0.2704,-0.1923,0.387,0.0063
"Long, Sam",FF,131,-0.2949,0.3313,0.0916,84.664,-0.0525,118,0.1864,-0.4376,-1.0926,-0.0403
"Lopez, Jacob",FC,107,0.0543,0.2689,0.1589,80.6987,-0.0117,93,0.2473,0.086,-0.3713,-0.0083
"Lopez, Jacob",FF,223,0.3994,0.2173,0.2691,77.2906,-0.0091,329,0.2432,0.6034,-0.3265,0.0049
"Lopez, Jacob",SL,236,-0.6399,0.205,0.3136,77.0399,0.0299,233,0.3519,-0.9548,0.3624,-0.012
"Lord, Brad",CH,118,-0.7358,0.3204,0.178,82.2043,-0.0722,135,0.2519,-1.0986,-1.4407,-0.0652
"Lord, Brad",FF,538,0.3864,0.311,0.2063,81.9243,0.0076,398,0.2362,0.5839,-0.0314,0.0126
"Lord, Brad",SI,187,0.9007,0.3079,0.0856,83.0256,0.0913,166,0.3373,1.3549,1.4475,0.0713
"Lord, Brad",SL,162,-0.5336,0.2939,0.2654,84.3564,-0.0776,219,0.2466,-0.7955,-1.5355,-0.0608
"Lorenzen, Michael",CH,195,-0.15,0.181,0.3949,79.3915,0.0024,226,0.323,-0.2203,-0.1223,-0.0085
"Lorenzen, Michael",FC,109,-0.6317,0.3464,0.1835,80.673,0.0104,102,0.2941,-0.9426,0.0177,-0.0212
"Lorenzen, Michael",FF,210,-0.0498,0.3513,0.1476,86.1183,-0.0209,215,0.2,-0.0701,-0.5339,-0.0164
"Lorenzen, Michael",SI,172,0.0582,0.3824,0.093,85.2655,0.0138,185,0.2703,0.0917,0.0791,0.0043
"Lorenzen, Michael",SL,135,0.6592,0.3094,0.2444,82.3832,-0.003,123,0.3252,0.9929,-0.2192,0.0168
"Loáisiga, Jonathan",SI,133,-0.2059,0.2879,0.2105,84.2047,0.1866,138,0.442,-0.3042,3.1297,0.0796
"Lucas, Easton",FF,117,0.8526,0.3234,0.265,84.2875,0.0931,83,0.3253,1.2828,1.4779,0.0705
"Lucchesi, Joey",SI,119,0.483,0.293,0.1429,84.1247,0.0634,109,0.2936,0.7287,0.9537,0.0432
"Lugo, Seth",CH,108,-0.5721,0.3925,0.1759,83.7259,-0.0541,111,0.2703,-0.8532,-1.1208,-0.0507
"Lugo, Seth",CU,153,-1.1488,0.2971,0.2484,82.2757,0.0698,165,0.3576,-1.7177,1.0663,-0.0101
"Lugo, Seth",FC,131,0.9018,0.3165,0.2137,84.0404,-0.0507,142,0.2042,1.3565,-1.0608,0.0019
"Lugo, Seth",FF,185,0.5019,0.3452,0.1243,85.5818,-0.0535,229,0.1616,0.757,-1.1109,-0.0133
"Lugo, Seth",SI,142,-0.4016,0.3907,0.1268,86.8136,-0.0261,138,0.2174,-0.5976,-0.6272,-0.0311
"Luzardo, Jesús",CH,260,-0.2925,0.2753,0.3192,79.9789,0.0005,266,0.3496,-0.434,-0.1574,-0.0144
"Luzardo, Jesús",FF,473,-0.1372,0.3089,0.1776,83.5582,-0.0259,459,0.2157,-0.2011,-0.6228,-0.0219
"Luzardo, Jesús",SI,153,-0.3127,0.3447,0.1503,85.5076,0.0364,110,0.2818,-0.4643,0.4767,0.0025
"Luzardo, Jesús",ST,355,0.0563,0.1896,0.4028,80.3215,0.042,454,0.3326,0.0889,0.5758,0.018
"Lynch IV, Daniel",SL,136,-0.1163,0.2641,0.2868,83.8034,-0.0332,163,0.2883,-0.1698,-0.7521,-0.0247
"López, Pablo",CH,121,-0.3018,0.3129,0.2397,80.756,0.0058,157,0.3439,-0.4479,-0.0631,-0.0121
"López, Pablo",FF,265,0.2891,0.3412,0.2113,83.6411,0.0685,181,0.2818,0.438,1.0434,0.039
"Mahle, Tyler",FF,302,0.1507,0.2922,0.2053,83.8394,-0.0023,323,0.2198,0.2305,-0.2064,-0.0004
"Mahle, Tyler",FS,131,-0.9682,0.3048,0.2595,79.5174,0.0787,103,0.4175,-1.447,1.2236,0.0005
"Manaea, Sean",FF,366,1.0778,0.2876,0.1995,81.1757,0.0568,245,0.3184,1.6204,0.838,0.0606
"Manaea, Sean",ST,135,-0.4202,0.1874,0.3556,79.1226,-0.0468,169,0.2663,-0.6254,-0.9914,-0.0419
"Martin, Chris",FC,107,0.9109,0.3775,0.215,83.0064,0.0559,72,0.3056,1.3703,0.8222,0.0544
"Martin, Davis",CH,274,-0.543,0.3173,0.1715,86.8407,-0.018,305,0.3115,-0.8095,-0.4832,-0.032
"Martin, Davis",FF,361,-0.2525,0.2943,0.1801,82.6657,0.0095,321,0.243,-0.374,0.0014,-0.0086
"Martin, Davis",SI,122,-1.1891,0.4175,0.0492,88.1897,-0.0828,65,0.1692,-1.7782,-1.6271,-0.086
"Martin, Davis",SL,228,-0.3492,0.3058,0.2939,81.4703,0.0179,280,0.3357,-0.519,0.1501,-0.0078
"Martinez, Nick",CH,230,1.66,0.2297,0.2739,79.9799,-0.0385,241,0.2822,2.4933,-0.8445,0.0341
"Martinez, Nick",FC,240,-0.5333,0.3475,0.1583,83.2265,-0.0212,195,0.241,-0.795,-0.54,-0.0333
"Martinez, Nick",FF,271,-0.4425,0.3634,0.0996,84.9542,0.0298,209,0.2488,-0.6588,0.3604,-0.0052
"Martinez, Nick",SI,197,0.169,0.2722,0.1168,81.505,0.0386,185,0.2811,0.2579,0.517,0.0203
"Martinez, Nick",SL,118,0.6224,0.2834,0.3305,82.3295,-0.0442,140,0.2786,0.9377,-0.9454,-0.0045
"Maton, Phil",CU,175,-0.7075,0.1431,0.4057,75.123,0.1566,171,0.4561,-1.0562,2.6002,0.0476
"Maton, Phil",FC,145,2.1132,0.2325,0.3034,82.712,-0.0302,152,0.2303,3.1727,-0.698,0.0539
"Matsui, Yuki",FF,192,-0.804,0.3007,0.1406,83.5967,0.0058,187,0.2299,-1.2009,-0.0635,-0.0295
"Matthews, Zebby",FF,283,-0.3278,0.4032,0.2014,85.0537,-0.0361,196,0.199,-0.4869,-0.8026,-0.0334
"Matthews, Zebby",SL,187,-0.1064,0.2343,0.3583,81.1971,0.1013,205,0.4341,-0.155,1.6239,0.0414
"Mattson, Isaac",FF,295,0.3593,0.2201,0.1932,82.6207,0.0268,264,0.2652,0.5433,0.3071,0.021
"Matz, Steven",CH,105,0.3421,0.2682,0.2,79.4935,0.0859,120,0.425,0.5175,1.351,0.0493
"Matz, Steven",SI,312,0.8653,0.2958,0.1314,83.0972,0.0034,230,0.2478,1.3018,-0.1063,0.0271
"May, Dustin",FF,165,0.5374,0.2384,0.2303,84.1875,-0.0062,184,0.2174,0.8102,-0.2742,0.0111
"May, Dustin",SI,284,-1.0097,0.4307,0.0845,88.7838,-0.0067,285,0.2351,-1.5093,-0.283,-0.0426
"May, Dustin",ST,298,-0.5163,0.2465,0.2651,79.2855,-0.0136,392,0.301,-0.7695,-0.4057,-0.029
"McCullers Jr., Lance",ST,120,-0.5392,0.2551,0.25,80.8143,-0.0902,158,0.1835,-0.8038,-1.7582,-0.0672
"McGreevy, Michael",FF,158,0.5439,0.37,0.1835,86.2479,-0.0616,164,0.1707,0.82,-1.2534,-0.0158
"McGreevy, Michael",SI,149,-0.2109,0.2624,0.0604,85.4583,0.0112,84,0.2619,-0.3116,0.0322,-0.0063
"McGreevy, Michael",ST,103,-0.5203,0.3246,0.2621,82.9227,-0.0489,155,0.2387,-0.7756,-1.0282,-0.0463
"Mears, Nick",FF,250,0.3093,0.3577,0.144,85.0554,-0.0162,187,0.2299,0.4683,-0.4511,-0.0017
"Mears, Nick",SL,191,0.5837,0.265,0.3665,79.2062,0.1308,173,0.4451,0.8796,2.1435,0.0796
"Megill, Trevor",FF,238,0.3408,0.3008,0.1807,84.8789,0.0307,191,0.2513,0.5155,0.3774,0.0223
"Megill, Tylor",FF,236,1.006,0.2999,0.2415,83.4688,-0.0051,202,0.2129,1.5127,-0.2561,0.0278
"Megill, Tylor",SI,102,-0.3296,0.312,0.1471,83.7877,0.0581,103,0.3301,-0.4896,0.861,0.0125
"Megill, Tylor",SL,113,1.7651,0.1868,0.469,84.346,0.016,190,0.3579,2.6508,0.1173,0.0644
"Mejia, Juan",FF,337,0.7261,0.1966,0.2611,81.0181,0.0401,338,0.2751,1.0931,0.5421,0.0402
"Mejia, Juan",ST,144,1.1254,0.2662,0.3125,81.0182,0.0523,164,0.372,1.6918,0.7585,0.06
"Melton, Troy",FF,168,-0.5491,0.2951,0.25,84.7221,-0.0466,135,0.1852,-0.8188,-0.9889,-0.0462
"Mey, Luis",SI,113,0.5034,0.3019,0.2035,84.8129,0.0025,151,0.2318,0.7592,-0.1216,0.0141
"Meyer, Max",FF,106,0.1877,0.4373,0.1226,85.8079,-0.0147,98,0.2041,0.286,-0.4253,-0.0052
"Meyer, Max",SL,176,-0.8946,0.2985,0.392,84.4562,0.1063,165,0.4242,-1.3366,1.7122,0.0166
"Mikolas, Miles",CH,119,-0.659,0.3364,0.1429,82.4162,-0.102,129,0.2248,-0.9834,-1.966,-0.0771
"Mikolas, Miles",CU,121,-0.4078,0.2715,0.2149,82.4489,-0.0596,201,0.2239,-0.6068,-1.2174,-0.0477
"Mikolas, Miles",FF,351,-0.6994,0.4,0.1652,85.3529,0.0568,235,0.2851,-1.044,0.838,-0.0009
"Mikolas, Miles",SI,203,-0.4171,0.3622,0.0739,84.4139,0.0378,146,0.2877,-0.6209,0.5023,-0.0004
"Mikolas, Miles",SL,265,-0.6427,0.3516,0.1585,82.8384,-0.0656,254,0.2441,-0.959,-1.3232,-0.0587
"Miller, Bryce",FF,380,-0.4729,0.3516,0.1895,84.9603,0.0644,310,0.2968,-0.7044,0.9711,0.0106
"Miller, Bryce",FS,114,0.0968,0.2662,0.2632,84.6795,0.0105,114,0.3596,0.1497,0.0204,0.004
"Miller, Bryce",SI,123,-0.7467,0.3471,0.0732,85.8243,-0.0865,105,0.1619,-1.115,-1.6929,-0.0726
"Miller, Mason",FF,259,1.3019,0.248,0.3475,84.4897,0.0557,258,0.2946,1.9563,0.8185,0.0678
"Miller, Mason",SL,194,2.3136,0.1692,0.5361,79.1926,0.0916,235,0.4213,3.4732,1.4523,0.1203
"Miller, Shelby",FF,211,-0.7267,0.25,0.2607,82.6169,0.0873,168,0.3036,-1.0849,1.3757,0.013
"Milner, Hoby",SI,150,0.1763,0.3512,0.08,82.741,0.0232,127,0.252,0.2689,0.2447,0.013
"Milner, Hoby",ST,110,-0.4266,0.2549,0.1273,79.1228,-0.1436,149,0.1409,-0.635,-2.7014,-0.0894
"Misiorowski, Jacob",FF,346,0.2526,0.2415,0.2861,82.8175,0.0269,302,0.255,0.3833,0.3096,0.0174
"Misiorowski, Jacob",SL,163,-0.9573,0.2918,0.2147,82.085,-0.0963,143,0.2168,-1.4307,-1.8653,-0.0846
"Mize, Casey",FF,346,-0.072,0.3098,0.1994,85.2043,-0.0155,382,0.2042,-0.1035,-0.4392,-0.0145
"Mize, Casey",FS,250,-0.9809,0.3081,0.336,83.8919,0.0865,240,0.4417,-1.4661,1.3617,0.0039
"Mize, Casey",SI,158,0.255,0.3062,0.1139,81.3413,0.1326,100,0.41,0.3868,2.176,0.0691
"Mize, Casey",SL,166,-1.0276,0.2497,0.1627,81.789,-0.175,159,0.1447,-1.5361,-3.2551,-0.1255
"Mlodzinski, Carmen",FF,257,0.0305,0.2831,0.1518,85.793,-0.0567,272,0.1765,0.0502,-1.1662,-0.0311
"Mlodzinski, Carmen",SL,110,-0.3128,0.3677,0.1727,82.8082,0.0502,112,0.3661,-0.4644,0.7211,0.0092
"Molina, Anthony",FF,125,0.256,0.473,0.12,88.8942,0.0071,113,0.2478,0.3883,-0.0397,0.0079
"Montero, Keider",FF,202,0.0843,0.3473,0.1188,82.9867,-0.0603,186,0.1559,0.131,-1.2303,-0.031
"Montero, Keider",SI,125,-0.5074,0.2366,0.088,81.1245,0.0078,123,0.2602,-0.7562,-0.0284,-0.0182
"Montero, Keider",SL,142,0.2123,0.307,0.3662,82.9642,0.0027,151,0.3245,0.3228,-0.1185,0.0042
"Montero, Rafael",FF,194,-0.7524,0.3103,0.2216,85.6809,-0.0307,207,0.2077,-1.1236,-0.7069,-0.0455
"Montero, Rafael",FS,143,0.5972,0.1845,0.3636,80.7455,0.0104,184,0.3533,0.8999,0.0187,0.0213
"Montgomery, Mason",FF,264,1.0489,0.2965,0.2765,80.9701,0.0223,252,0.2579,1.577,0.2292,0.0427
"Montgomery, Mason",SL,144,0.042,0.2719,0.4167,82.34,0.0695,152,0.3882,0.0675,1.0627,0.031
"Morales, Luis",FF,193,-0.2939,0.3584,0.1244,85.5057,-0.0047,179,0.2235,-0.436,-0.2482,-0.0169
"Morejon, Adrian",SI,283,0.5833,0.2331,0.1484,80.7298,0.0999,235,0.3319,0.879,1.5993,0.0645
"Morejon, Adrian",SL,110,0.8786,0.2701,0.3364,79.6625,-0.056,115,0.2609,1.3218,-1.1536,-0.0014
"Morgan, David",FF,148,0.2062,0.2947,0.1892,84.3398,0.0227,142,0.2676,0.3137,0.2358,0.0138
"Morillo, Juan",FF,133,0.1671,0.2241,0.2406,84.2011,-0.0053,139,0.2086,0.2551,-0.259,-0.0013
"Morton, Charlie",CH,123,0.1276,0.3733,0.2358,84.3039,-0.0017,136,0.3235,0.1959,-0.1955,-0.0009
"Morton, Charlie",CU,373,-0.2418,0.2492,0.3727,82.7174,0.0949,407,0.3956,-0.358,1.5097,0.0335
"Morton, Charlie",FF,295,-0.1186,0.2801,0.1695,85.2266,-0.0323,355,0.1972,-0.1733,-0.735,-0.0243
"Morton, Charlie",SI,157,-0.5435,0.3279,0.1083,87.3385,-0.1051,149,0.1477,-0.8103,-2.0218,-0.0746
"Muñoz, Andrés",FF,161,1.0208,0.3233,0.1863,82.6398,-0.0304,168,0.2083,1.5349,-0.7031,0.0159
"Muñoz, Andrés",SL,271,0.5523,0.1819,0.4686,79.9015,0.0442,326,0.3712,0.8326,0.6156,0.0362
"Myers, Tobias",FF,193,-0.046,0.3813,0.0984,85.3569,0.0166,154,0.2468,-0.0644,0.128,0.0021
"Márquez, Germán",FF,334,-0.9028,0.3937,0.0749,86.6867,-0.0245,306,0.2026,-1.349,-0.5986,-0.0477
"Márquez, Germán",SI,192,-0.9103,0.3608,0.0312,86.2461,0.0097,178,0.2472,-1.3602,0.0053,-0.0312
"Nelson, Ryne",CU,103,-0.136,0.2793,0.2427,83.5618,-0.0178,136,0.2721,-0.1993,-0.48,-0.0179
"Nelson, Ryne",FC,101,-0.1229,0.2947,0.1881,85.4618,-0.0028,102,0.2451,-0.1797,-0.2152,-0.0101
"Nelson, Ryne",FF,812,0.1464,0.2956,0.1589,84.1162,0.0882,622,0.3232,0.224,1.3929,0.0437
"Nelson, Ryne",SL,139,0.2031,0.2674,0.3165,84.1966,-0.0791,212,0.2358,0.309,-1.5621,-0.0361
"Newcomb, Sean",FF,218,0.4451,0.3084,0.1881,80.3397,0.0332,183,0.2678,0.6719,0.4215,0.0272
"Newcomb, Sean",SI,130,0.3418,0.3184,0.0846,83.4817,-0.0197,135,0.2296,0.517,-0.5133,-0.0023
"Nicolas, Kyle",FF,161,-0.4238,0.3321,0.118,84.6679,0.0383,137,0.292,-0.6309,0.5102,-0.0004
"Nola, Aaron",CH,112,-0.2173,0.2616,0.3036,84.6123,0.0346,147,0.3673,-0.3213,0.4448,0.0049
"Nola, Aaron",FF,198,-0.1303,0.3129,0.1263,84.875,-0.0108,209,0.2153,-0.1908,-0.3563,-0.0143
"Nola, Aaron",SI,115,-0.4225,0.37,0.087,86.6097,0.0151,116,0.2586,-0.6289,0.1003,-0.0117
"O'Brien, Riley",SI,144,1.1577,0.3191,0.0972,83.0923,-0.0289,146,0.2192,1.7402,-0.6751,0.0215
"Ober, Bailey",CH,347,-0.2103,0.2337,0.2853,79.593,0.0646,363,0.4132,-0.3107,0.9754,0.0198
"Ober, Bailey",FF,411,-0.6128,0.3387,0.1703,84.5845,0.0408,349,0.2808,-0.9142,0.5542,-0.0057
"Ober, Bailey",SL,210,-0.5147,0.3175,0.1952,84.8006,0.0241,184,0.3587,-0.7671,0.2608,-0.0105
"Ogasawara, Shinnosuke",FF,116,0.2994,0.4141,0.0948,83.6706,-0.0592,93,0.1505,0.4535,-1.2102,-0.023
"Ohl, Pierson",CH,120,0.2093,0.2589,0.2917,79.8493,0.1348,110,0.4818,0.3184,2.2157,0.0687
"Ohtani, Shohei",FF,215,0.2232,0.2575,0.214,82.9941,0.0569,179,0.2905,0.3392,0.839,0.031
"Ohtani, Shohei",ST,112,-0.3375,0.1999,0.3661,80.3286,0.0448,99,0.3636,-0.5015,0.6256,0.0057
"Okert, Steven",FF,202,-0.0717,0.2791,0.1881,83.3451,-0.032,186,0.1935,-0.1029,-0.731,-0.0226
"Okert, Steven",SL,301,-0.0721,0.1849,0.3887,79.3827,0.0158,271,0.3395,-0.1036,0.1131,0.0007
"Olson, Reese",CH,139,-0.5787,0.22,0.4317,78.8567,0.0968,198,0.4394,-0.8631,1.5434,0.0228
"Olson, Reese",SI,104,-1.0268,0.3627,0.0192,87.2505,-0.1635,122,0.082,-1.5348,-3.0535,-0.1199
"Olson, Reese",SL,113,2.0132,0.2407,0.469,81.9982,0.115,140,0.4357,3.0227,1.8654,0.1213
"Ort, Kaleb",FF,194,-0.1911,0.1958,0.2474,83.5708,-0.04,205,0.2098,-0.2819,-0.8712,-0.0306
"Ortiz, Luis",FF,181,-0.3696,0.2874,0.2762,84.1669,-0.0612,213,0.169,-0.5496,-1.2459,-0.0471
"Ortiz, Luis",SI,136,-0.5345,0.3033,0.1103,83.6609,0.0385,106,0.283,-0.7968,0.5138,-0.0042
"Ortiz, Luis",SL,183,0.1955,0.2759,0.3825,83.752,0.022,203,0.335,0.2976,0.2226,0.013
"Paddack, Chris",CH,309,0.671,0.3058,0.2395,82.1694,0.0483,340,0.4029,1.0105,0.6867,0.0423
"Paddack, Chris",FC,144,0.4636,0.3424,0.2222,84.068,-0.0058,166,0.2831,0.6995,-0.2681,0.0087
"Paddack, Chris",FF,564,0.0406,0.3125,0.1578,84.7944,0.0299,468,0.2692,0.0654,0.3626,0.0115
"Pagán, Emilio",FF,328,-0.5361,0.2455,0.2226,83.9714,0.062,285,0.3018,-0.7992,0.9301,0.0073
"Palencia, Daniel",FF,327,0.9076,0.3013,0.2171,85.9597,0.0154,302,0.2616,1.3653,0.1072,0.0345
"Palencia, Daniel",SL,109,0.9655,0.2412,0.3578,80.8952,0.0412,99,0.3535,1.452,0.5618,0.049
"Pallante, Andre",FF,537,-0.194,0.3284,0.1285,85.7012,-0.0333,466,0.1931,-0.2863,-0.7529,-0.0274
"Pallante, Andre",SI,184,1.6897,0.2406,0.125,77.45,0.0934,205,0.3512,2.5379,1.4844,0.0996
"Pallante, Andre",SL,332,-0.0286,0.2358,0.3464,81.2712,-0.0089,439,0.3007,-0.0384,-0.3234,-0.0098
"Palmquist, Carson",FF,164,-0.1996,0.4126,0.0915,84.7934,-0.0547,156,0.1923,-0.2948,-1.1315,-0.0381
"Parker, Mitchell",CU,198,0.728,0.3949,0.2778,84.6545,0.0596,184,0.3804,1.096,0.8863,0.0498
"Parker, Mitchell",FF,740,-0.3605,0.3645,0.0932,86.1002,-0.004,668,0.2365,-0.536,-0.2359,-0.0189
"Parker, Mitchell",SL,175,0.3487,0.2591,0.3429,83.1991,0.0266,153,0.3529,0.5273,0.304,0.0206
"Patrick, Chad",FC,429,0.043,0.3064,0.2471,81.2589,0.0785,381,0.357,0.0691,1.2209,0.0354
"Patrick, Chad",FF,240,-0.205,0.234,0.2292,82.0743,0.0784,234,0.3162,-0.3029,1.2191,0.0267
"Patrick, Chad",SI,193,-0.2051,0.3144,0.1088,84.3816,-0.0793,182,0.1648,-0.3029,-1.5659,-0.0503
"Pepiot, Ryan",CH,344,0.3695,0.2586,0.2878,83.3082,0.0173,341,0.349,0.5584,0.14,0.0168
"Pepiot, Ryan",FF,585,0.216,0.2787,0.2205,84.7069,0.0163,523,0.2467,0.3284,0.1229,0.011
"Pepiot, Ryan",SL,229,-0.1087,0.3868,0.2096,80.9247,0.0106,205,0.3171,-0.1584,0.0225,-0.003
"Peralta, Freddy",CH,294,-0.7723,0.2257,0.3197,80.9532,-0.0013,422,0.3294,-1.1534,-0.1893,-0.0318
"Peralta, Freddy",CU,152,-0.5007,0.1896,0.3289,77.1677,0.0397,204,0.3235,-0.7461,0.535,-0.0024
"Peralta, Freddy",FF,778,0.2126,0.3059,0.1979,83.4887,-0.0002,823,0.2309,0.3232,-0.1698,0.0028
"Peralta, Freddy",SL,142,-0.3718,0.1695,0.4859,76.4015,-0.0211,206,0.2913,-0.5528,-0.5384,-0.0276
"Peralta, Luis",FF,143,0.5911,0.4093,0.1259,86.3358,0.0151,143,0.2378,0.8907,0.101,0.0233
"Peralta, Wandy",CH,200,0.3346,0.2407,0.34,78.927,0.0728,229,0.4236,0.5062,1.1202,0.0427
"Peralta, Wandy",SI,201,-0.5464,0.3383,0.1642,85.8477,-0.0025,231,0.2381,-0.8147,-0.2096,-0.0246
"Perkins, Jack",FF,114,-0.4275,0.2899,0.2456,84.9397,-0.0297,127,0.1969,-0.6364,-0.6908,-0.0338
"Petersen, Michael",FF,115,0.0569,0.3598,0.2087,83.9205,0.1657,69,0.4203,0.0899,2.7599,0.0784
"Peterson, David",CH,181,-0.8215,0.2642,0.2265,81.2063,-0.0319,215,0.3209,-1.2271,-0.7295,-0.0485
"Peterson, David",CU,125,-0.885,0.2772,0.272,84.1844,0.0428,140,0.3429,-1.3223,0.59,-0.0142
"Peterson, David",FF,255,1.2307,0.3935,0.1961,80.8969,-0.0403,282,0.2057,1.8497,-0.8772,0.0184
"Peterson, David",SI,299,-0.2716,0.2963,0.0769,85.5521,-0.0424,309,0.2006,-0.4027,-0.914,-0.0346
"Peterson, David",SL,263,-0.5874,0.2576,0.3726,83.2716,0.0667,298,0.3893,-0.8762,1.013,0.0078
"Pfaadt, Brandon",CH,213,-0.8574,0.3357,0.2441,80.1574,0.0644,255,0.4078,-1.2809,0.9722,-0.0026
"Pfaadt, Brandon",FC,124,-0.6843,0.2875,0.0726,82.9952,0.1367,96,0.4167,-1.0214,2.2485,0.0387
"Pfaadt, Brandon",FF,309,-0.3206,0.4087,0.1877,85.6751,-0.0084,316,0.212,-0.4761,-0.3142,-0.0197
"Pfaadt, Brandon",SI,286,-1.0571,0.3778,0.0769,87.5716,-0.0365,215,0.2186,-1.5803,-0.8094,-0.0588
"Pfaadt, Brandon",ST,238,-0.0829,0.3095,0.3277,81.0747,0.0328,285,0.3368,-0.1197,0.4144,0.0087
"Phillips, Tyler",CU,101,0.7428,0.2702,0.3465,83.4491,0.1308,141,0.4184,1.1182,2.1442,0.0851
"Phillips, Tyler",SI,154,-0.8419,0.2917,0.0909,86.9688,0.0226,130,0.2692,-1.2576,0.2334,-0.0225
"Phillips, Tyler",ST,107,1.1147,0.252,0.4393,78.7508,0.1004,131,0.4198,1.6758,1.6071,0.0831
"Pilkington, Konnor",FF,128,-0.6507,0.3845,0.1641,84.2957,-0.05,122,0.1721,-0.971,-1.0484,-0.0514
"Pivetta, Nick",CU,221,-0.7013,0.3799,0.1674,83.6566,-0.0623,266,0.2293,-1.0468,-1.2665,-0.0592
"Pivetta, Nick",FF,671,0.4785,0.3117,0.225,85.3742,0.0735,626,0.3035,0.7219,1.1322,0.048
"Pivetta, Nick",ST,237,-0.0774,0.1831,0.3629,76.1681,0.012,270,0.3481,-0.1115,0.0468,-0.0013
"Pomeranz, Drew",FF,343,0.303,0.2782,0.2245,82.9352,0.0585,269,0.29,0.4588,0.8683,0.0346
"Povich, Cade",CH,104,-0.2759,0.2899,0.3654,79.3483,-0.0485,180,0.2778,-0.4091,-1.0225,-0.0377
"Povich, Cade",CU,133,-1.3837,0.2961,0.2556,81.4483,0.0494,133,0.3835,-2.0699,0.7064,-0.0282
"Povich, Cade",FF,296,-0.3166,0.4097,0.1655,85.5489,-0.023,306,0.219,-0.4702,-0.5712,-0.0266
"Pressly, Ryan",FF,117,-0.0809,0.3757,0.0855,87.4192,-0.0379,85,0.2,-0.1168,-0.8351,-0.0258
"Priester, Quinn",FC,223,-0.1166,0.2993,0.2108,84.6776,-0.0368,223,0.2197,-0.1703,-0.8156,-0.0265
"Priester, Quinn",SI,406,-0.1178,0.3225,0.1133,84.8947,-0.0526,449,0.1871,-0.1721,-1.0945,-0.0343
"Priester, Quinn",SL,332,-0.302,0.2357,0.3343,81.3463,0.0307,370,0.3568,-0.4483,0.3759,0.0001
"Pérez, Eury",FF,477,-0.9383,0.2841,0.1929,84.6411,0.0562,315,0.2921,-1.4021,0.8262,-0.0095
"Pérez, Eury",SL,168,0.715,0.1921,0.4107,82.8956,-0.0275,197,0.2995,1.0764,-0.6511,0.0068
"Pérez, Martín",CH,112,-0.8564,0.288,0.2679,82.4149,-0.034,137,0.3212,-1.2794,-0.7663,-0.0507
"Pérez, Martín",SI,108,-0.223,0.3147,0.1111,83.8955,0.021,124,0.2661,-0.3298,0.2054,-0.0019
"Quantrill, Cal",FC,201,-0.0002,0.3757,0.209,85.7466,0.0207,144,0.2778,0.0043,0.2008,0.0057
"Quantrill, Cal",FF,122,1.122,0.2742,0.1967,83.7413,-0.0004,168,0.2381,1.6866,-0.1728,0.0341
"Quantrill, Cal",FS,126,-0.2812,0.3242,0.1667,83.4522,-0.0074,194,0.3041,-0.4171,-0.2957,-0.0178
"Quantrill, Cal",SI,179,-0.1623,0.3484,0.1285,82.9007,0.0257,179,0.2682,-0.2388,0.2884,0.0025
"Quintana, Jose",CH,192,-0.2058,0.3181,0.1719,81.2203,-0.043,329,0.3161,-0.304,-0.9252,-0.0326
"Quintana, Jose",CU,116,-0.5921,0.3253,0.2155,82.5821,0.023,149,0.3356,-0.8831,0.2408,-0.0137
"Quintana, Jose",FF,126,1.6629,0.3052,0.1984,79.9989,0.0624,140,0.3071,2.4977,0.9372,0.0835
"Quintana, Jose",SI,368,-0.5321,0.3602,0.0897,86.0262,-0.0501,374,0.1952,-0.7932,-1.0493,-0.0473
"Ragans, Cole",FF,267,0.2734,0.2487,0.2472,81.5403,0.08,234,0.3248,0.4145,1.2476,0.0441
"Ramírez, Yohan",FF,135,-1.082,0.4369,0.1778,85.2806,0.0086,101,0.2376,-1.6176,-0.0137,-0.0377
"Rasmussen, Drew",FC,324,0.1867,0.2586,0.2315,83.5721,0.0488,311,0.3119,0.2845,0.697,0.0258
"Rasmussen, Drew",FF,388,0.673,0.2662,0.1959,85.5646,0.0744,334,0.3084,1.0135,1.1484,0.0551
"Rasmussen, Drew",SI,222,0.2267,0.3132,0.1126,81.5355,0.0083,211,0.2607,0.3443,-0.0193,0.0074
"Ray, Robbie",CH,145,-0.4894,0.3151,0.3586,80.0823,-0.0718,231,0.2684,-0.7292,-1.433,-0.0565
"Ray, Robbie",FF,785,0.0818,0.255,0.2038,83.6943,0.0251,658,0.2675,0.1272,0.2771,0.0106
"Ray, Robbie",SL,331,-1.3347,0.2417,0.2931,85.0531,-0.0104,344,0.3023,-1.9965,-0.3489,-0.0557
"Rea, Colin",CH,147,0.9632,0.319,0.2925,81.5967,0.0305,198,0.3434,1.4485,0.3738,0.0437
"Rea, Colin",FF,511,-0.1963,0.3429,0.1409,85.5085,-0.007,439,0.2278,-0.2897,-0.289,-0.0147
"Rea, Colin",SI,135,0.6842,0.3385,0.0889,85.1306,0.079,155,0.329,1.0303,1.2297,0.0578
"Rea, Colin",SL,109,0.6996,0.3056,0.3945,85.1607,-0.0254,145,0.2897,1.0533,-0.6133,0.0073
"Rea, Colin",ST,121,-0.0923,0.2326,0.2314,78.7551,0.0631,115,0.3652,-0.1338,0.9485,0.0232
"Reynolds, Sean",FF,111,-0.414,0.4801,0.2072,85.6935,-0.0384,107,0.1869,-0.6162,-0.8433,-0.0375
"Richardson, Lyon",CH,123,-0.1844,0.3584,0.2602,84.7928,-0.0554,139,0.2878,-0.2719,-1.1436,-0.0379
"Rocker, Kumar",FC,151,0.1848,0.2586,0.3311,83.5854,0.1194,148,0.3986,0.2816,1.9438,0.0603
"Rocker, Kumar",FF,121,0.3171,0.4033,0.157,86.6435,0.1079,95,0.3263,0.48,1.7405,0.0592
"Rocker, Kumar",SI,127,0.2805,0.3584,0.0866,86.1293,-0.0841,115,0.1478,0.4251,-1.6501,-0.0359
"Rodriguez, Eduardo",CH,227,-0.5478,0.3066,0.2643,79.4658,0.0243,302,0.3675,-0.8168,0.2643,-0.0115
"Rodriguez, Eduardo",FC,142,0.8111,0.2925,0.2042,80.4264,-0.0,156,0.2692,1.2206,-0.1659,0.0236
"Rodriguez, Eduardo",FF,525,0.5939,0.3136,0.1924,83.0945,-0.0038,531,0.2448,0.8949,-0.2332,0.0142
"Rodríguez, Manuel",SL,103,-0.0633,0.2256,0.2524,78.047,0.0819,106,0.3868,-0.0904,1.2803,0.0333
"Rodríguez, Randy",FF,195,0.1083,0.2181,0.2513,82.7614,-0.0178,212,0.217,0.1669,-0.4792,-0.0094
"Rodríguez, Randy",SL,195,0.0702,0.242,0.3333,80.9833,0.096,161,0.4286,0.1098,1.529,0.0448
"Rodríguez, Yariel",FF,194,0.2796,0.2932,0.1753,81.7691,-0.0875,234,0.1453,0.4237,-1.7106,-0.0376
"Rodríguez, Yariel",SL,234,0.7204,0.2269,0.3547,79.4,0.0295,257,0.3502,1.0845,0.3548,0.0348
"Rodón, Carlos",CH,239,-0.2465,0.2655,0.2971,80.7909,0.0223,315,0.3778,-0.365,0.2288,-0.0021
"Rodón, Carlos",FF,583,-0.7129,0.3028,0.1715,83.556,-0.0206,604,0.2219,-1.0643,-0.5301,-0.0392
"Rodón, Carlos",SI,140,-1.3401,0.3013,0.2643,83.9112,0.0491,183,0.3005,-2.0045,0.7011,-0.0268
"Rodón, Carlos",SL,404,0.6277,0.1868,0.3861,83.2212,0.0071,487,0.3203,0.9456,-0.0398,0.0207
"Rogers, Taylor",SI,165,0.3979,0.444,0.0909,86.9908,-0.0571,171,0.1754,0.6011,-1.1742,-0.0186
"Rogers, Taylor",ST,183,0.531,0.1601,0.3115,78.0278,0.052,186,0.3548,0.8006,0.7532,0.0393
"Rogers, Trevor",CH,219,-1.148,0.283,0.2511,84.9408,0.0596,206,0.3932,-1.7166,0.8874,-0.015
"Rogers, Trevor",FF,353,-0.8039,0.2659,0.2181,82.2296,0.0185,235,0.2596,-1.2008,0.1617,-0.0232
"Rogers, Trevor",SI,107,0.4717,0.442,0.1028,84.6067,-0.0117,98,0.2245,0.7117,-0.372,0.0061
"Rogers, Tyler",SI,359,0.5178,0.2654,0.1198,81.0488,0.0668,221,0.3032,0.7809,1.0137,0.0461
"Rogers, Tyler",SL,106,1.8742,0.191,0.2736,77.2779,0.0332,126,0.3492,2.8145,0.4205,0.0765
"Rolison, Ryan",FF,131,0.8427,0.3316,0.1679,84.2798,-0.0566,143,0.1748,1.2679,-1.1649,-0.003
"Romano, Jordan",SL,218,-1.2771,0.2484,0.2661,83.6752,-0.0267,186,0.2742,-1.9101,-0.6375,-0.0617
"Romero, JoJo",SI,115,1.4724,0.3782,0.1043,84.8215,-0.0983,102,0.1373,2.212,-1.9015,-0.0016
"Romero, JoJo",ST,144,0.5634,0.2214,0.3472,80.1218,0.0087,162,0.2963,0.8492,-0.0122,0.0192
"Ross, Joe",FF,143,-0.4907,0.3328,0.2517,81.3697,-0.0414,127,0.189,-0.7311,-0.897,-0.0417
"Ross, Joe",SI,100,0.2374,0.305,0.12,81.4063,0.0003,105,0.2476,0.3605,-0.1594,0.0039
"Roupp, Landen",CH,148,-1.0706,0.2655,0.2703,82.8323,0.0833,227,0.4185,-1.6005,1.3052,-0.0008
"Roupp, Landen",CU,251,-0.6289,0.2116,0.2948,77.7759,0.0644,297,0.3535,-0.9384,0.9724,0.0053
"Roupp, Landen",SI,248,-0.5627,0.3684,0.0847,87.2754,-0.0957,287,0.1429,-0.8391,-1.8563,-0.0707
"Rutledge, Jackson",FF,116,-0.7862,0.3465,0.2328,86.5783,0.0043,128,0.2422,-1.1741,-0.0904,-0.0296
"Rutledge, Jackson",SI,188,0.1672,0.3338,0.0957,84.8394,0.0111,146,0.2534,0.2552,0.0305,0.0067
"Rutledge, Jackson",SL,147,0.9694,0.1971,0.3946,81.3875,-0.0179,195,0.2923,1.4579,-0.4813,0.0203
"Ryan, Joe",FF,743,-0.6102,0.2648,0.2288,83.6477,0.007,474,0.2511,-0.9103,-0.0421,-0.0222
"Ryan, Joe",SI,159,-0.7678,0.3011,0.1384,83.9381,-0.0485,134,0.194,-1.1465,-1.0222,-0.0547
"Ryan, Joe",SL,107,-0.1797,0.2669,0.2243,81.3878,-0.0744,140,0.2429,-0.2649,-1.4796,-0.047
"Ryan, Joe",ST,136,-0.1857,0.2293,0.3015,79.933,-0.0627,182,0.2747,-0.2738,-1.2726,-0.0415
"Sabrowski, Erik",FF,158,0.4681,0.184,0.3165,80.6278,-0.0474,161,0.1925,0.7063,-1.0028,-0.0115
"Salazar, Eduardo",SI,111,-0.4288,0.3438,0.0901,86.9101,-0.0056,89,0.2472,-0.6383,-0.2647,-0.022
"Sale, Chris",FF,373,0.2318,0.3232,0.1689,83.9441,-0.0071,328,0.2348,0.352,-0.2917,0.0
"Sale, Chris",SL,407,1.984,0.1537,0.3833,76.2558,0.0409,465,0.3634,2.979,0.5569,0.0841
"Sands, Cole",FC,105,-0.7186,0.3135,0.2,83.5267,0.0077,87,0.2759,-1.0728,-0.0297,-0.0256
"Sands, Cole",FF,157,0.2802,0.3044,0.2038,82.4241,-0.0268,112,0.2143,0.4246,-0.6382,-0.0079
"Santana, Dennis",FF,141,-1.4598,0.316,0.1277,86.0474,-0.0017,102,0.2451,-2.1841,-0.1958,-0.0558
"Santana, Dennis",SL,252,0.1525,0.2187,0.3452,81.573,0.1281,224,0.4554,0.2332,2.0964,0.0634
"Santillan, Tony",FF,422,0.4088,0.3035,0.1848,84.622,0.0095,330,0.2333,0.6173,0.0015,0.0143
"Sasaki, Roki",FF,177,-0.7825,0.3818,0.113,85.798,0.0072,120,0.2333,-1.1687,-0.0382,-0.028
"Scherzer, Max",FF,367,-0.7901,0.3455,0.1635,83.64,-0.0091,308,0.2045,-1.18,-0.3269,-0.0363
"Scherzer, Max",SL,220,-0.515,0.2608,0.3136,81.0397,0.1161,183,0.4262,-0.7675,1.8845,0.0344
"Schlittler, Cam",FC,116,0.422,0.2554,0.2328,79.9329,-0.0165,144,0.2847,0.6372,-0.457,0.0021
"Schlittler, Cam",FF,388,0.298,0.243,0.2448,82.2357,0.0673,340,0.3147,0.4512,1.0226,0.0387
"Schmidt, Clarke",FC,222,-0.3077,0.2547,0.2477,83.6238,-0.0455,191,0.2304,-0.4568,-0.9691,-0.0373
"Schreiber, John",FF,164,1.1872,0.2608,0.3354,83.015,0.0307,147,0.2585,1.7844,0.3767,0.0516
"Schreiber, John",ST,108,-0.646,0.3383,0.1759,79.6105,-0.0377,130,0.2692,-0.9639,-0.8318,-0.0452
"Schwellenbach, Spencer",FF,279,-0.6893,0.3293,0.2294,86.6796,0.009,173,0.237,-1.0289,-0.0057,-0.0239
"Schwellenbach, Spencer",SL,141,-0.1188,0.2629,0.3191,83.6093,0.0464,148,0.3716,-0.1735,0.6544,0.0141
"Scott, Tanner",FF,261,-0.4864,0.3419,0.1992,84.5817,0.0487,185,0.3027,-0.7247,0.6942,0.0025
"Scott, Tanner",SL,202,0.3541,0.2501,0.3713,81.6099,0.0551,219,0.3927,0.5354,0.8074,0.0347
"Scott, Tayler",FF,102,0.0791,0.3444,0.1961,83.6865,-0.0368,120,0.2,0.1231,-0.8152,-0.0197
"Sears, JP",CH,132,-0.7126,0.3126,0.1818,82.4706,-0.1243,186,0.2258,-1.0638,-2.3611,-0.0899
"Sears, JP",FF,436,-0.133,0.3298,0.1628,83.9719,-0.004,420,0.2381,-0.1948,-0.2366,-0.011
"Sears, JP",ST,220,-0.846,0.2299,0.2455,80.1315,-0.0461,235,0.2426,-1.2638,-0.9804,-0.0563
"Senga, Kodai",FC,147,-0.6801,0.3471,0.1361,87.775,-0.0481,139,0.2086,-1.015,-1.0143,-0.0515
"Senga, Kodai",FF,255,-0.041,0.3558,0.1765,85.1365,-0.0729,254,0.1654,-0.0569,-1.4536,-0.0415
"Senzatela, Antonio",CU,122,-0.6417,0.3151,0.2705,84.2682,-0.023,173,0.2601,-0.9575,-0.5713,-0.0379
"Senzatela, Antonio",FF,605,0.3743,0.3708,0.114,86.0615,-0.0347,545,0.2,0.5658,-0.7787,-0.0085
"Senzatela, Antonio",SL,186,-0.7155,0.3683,0.2527,85.2328,-0.0215,238,0.2899,-1.0682,-0.5446,-0.0397
"Severino, Luis",FC,196,-0.1054,0.2897,0.1429,80.7222,0.0322,230,0.2957,-0.1535,0.4023,0.0076
"Severino, Luis",FF,367,0.3127,0.3467,0.1635,84.3506,0.0197,320,0.2438,0.4733,0.1831,0.016
"Severino, Luis",SI,253,0.7194,0.3027,0.083,81.5627,0.0361,208,0.2933,1.0831,0.4729,0.0381
"Severino, Luis",ST,241,-0.5184,0.3135,0.2033,79.9794,-0.0116,298,0.2852,-0.7727,-0.3702,-0.0281
"Seymour, Ian",CH,157,-0.0255,0.2756,0.293,79.106,-0.0285,151,0.3179,-0.0337,-0.6684,-0.0193
"Seymour, Ian",FF,155,0.0608,0.2821,0.2065,81.673,0.0497,141,0.2908,0.0957,0.7129,0.0219
"Sheehan, Emmet",FF,308,-0.3033,0.2938,0.2532,85.7199,0.062,293,0.3072,-0.4501,0.9301,0.0154
"Sheehan, Emmet",SL,205,-0.4374,0.1974,0.3854,80.2223,0.1082,210,0.4476,-0.6512,1.7457,0.0333
"Singer, Brady",FC,104,-0.2819,0.3603,0.2308,82.4351,-0.0437,130,0.2231,-0.4182,-0.9364,-0.0356
"Singer, Brady",FF,124,-0.0211,0.2726,0.1694,79.6107,-0.0491,159,0.1698,-0.0271,-1.0319,-0.0292
"Singer, Brady",SI,392,0.139,0.3571,0.1454,84.7803,-0.0742,428,0.1519,0.213,-1.4754,-0.0359
"Singer, Brady",SL,377,-0.2841,0.2406,0.2706,82.0379,0.0371,452,0.354,-0.4214,0.4889,0.0038
"Singer, Brady",ST,129,-0.8267,0.2561,0.3333,83.4987,0.015,172,0.3256,-1.2349,0.1001,-0.0257
"Skenes, Paul",CH,166,2.0718,0.1192,0.4277,74.9889,0.0887,241,0.4149,3.1107,1.4005,0.1105
"Skenes, Paul",FF,593,0.2665,0.2613,0.2664,84.6156,0.0119,453,0.2494,0.4041,0.0455,0.0106
"Skenes, Paul",FS,138,-0.2199,0.2665,0.2174,84.0784,0.0373,144,0.3681,-0.3252,0.4935,0.0062
"Skenes, Paul",SI,132,-1.0773,0.2763,0.1515,83.9215,0.0916,154,0.3506,-1.6105,1.4522,0.003
"Skenes, Paul",ST,184,0.0318,0.1951,0.3098,77.2698,-0.0499,183,0.2568,0.0522,-1.0461,-0.0277
"Skubal, Tarik",CH,506,0.3534,0.175,0.4763,76.2679,0.1273,492,0.4797,0.5343,2.0827,0.07
"Skubal, Tarik",FF,544,0.5856,0.2403,0.2629,80.7143,0.0702,394,0.3274,0.8824,1.0749,0.0501
"Skubal, Tarik",SI,337,0.6421,0.3351,0.184,82.7856,-0.0325,241,0.2158,0.9672,-0.7394,0.0018
"Skubal, Tarik",SL,177,-0.3724,0.2618,0.2486,82.5958,-0.0937,159,0.2264,-0.5537,-1.8201,-0.0631
"Slaten, Justin",FF,112,0.9504,0.1908,0.2321,81.6532,0.0453,80,0.275,1.4294,0.6347,0.0505
"Smith, Cade",FF,421,0.9279,0.2147,0.2708,81.9196,0.0168,363,0.259,1.3957,0.1313,0.0358
"Smith, Shane",CH,179,-0.1645,0.2827,0.3128,84.6654,-0.0708,225,0.2578,-0.2421,-1.4153,-0.0447
"Smith, Shane",CU,118,2.3898,0.3201,0.4576,83.225,-0.0173,218,0.2798,3.5874,-0.4715,0.0697
"Smith, Shane",FF,534,0.0297,0.2448,0.2172,83.7686,-0.0053,393,0.229,0.0491,-0.2588,-0.006
"Smith, Shane",SI,135,-0.2882,0.2756,0.1556,80.911,0.0633,115,0.3043,-0.4275,0.9526,0.0165
"Smith, Shane",SL,121,-0.7764,0.2551,0.2149,82.2828,-0.1195,119,0.1933,-1.1595,-2.2757,-0.0897
"Smith-Shawver, AJ",FF,144,-0.4406,0.4685,0.125,88.9027,-0.0349,127,0.1811,-0.6561,-0.7822,-0.0368
"Snell, Blake",CH,191,-0.2493,0.1839,0.466,75.6259,0.0577,221,0.4072,-0.3692,0.8543,0.0151
"Snell, Blake",FF,258,0.7923,0.2767,0.1783,81.2357,0.0184,275,0.2545,1.1923,0.1587,0.0319
"Soriano, José",SI,599,-0.2257,0.3117,0.1486,88.4908,-0.0101,584,0.2363,-0.3339,-0.3436,-0.0172
"Soroka, Michael",FF,338,-0.3374,0.3306,0.1568,84.35,-0.0303,275,0.2,-0.5013,-0.7008,-0.031
"Soto, Gregory",SI,203,-0.0825,0.326,0.1379,83.5481,-0.008,219,0.2237,-0.1192,-0.3063,-0.0112
"Soto, Gregory",SL,148,0.838,0.1984,0.4527,82.7461,0.0356,179,0.3631,1.2609,0.464,0.0419
"Sousa, Bennett",FF,140,-0.5526,0.3258,0.1429,85.913,-0.0108,123,0.2276,-0.8239,-0.3566,-0.0289
"Sousa, Bennett",SL,218,0.6165,0.1784,0.4771,83.0225,0.1116,225,0.4356,0.9288,1.8048,0.0714
"Speier, Gabe",FF,253,0.4208,0.2638,0.249,84.0583,0.0941,179,0.3352,0.6353,1.4966,0.0561
"Speier, Gabe",SI,124,0.6767,0.272,0.0887,79.365,0.1161,106,0.3396,1.019,1.8855,0.0757
"Speier, Gabe",SL,126,0.9398,0.1504,0.4444,81.2897,0.0585,176,0.392,1.4135,0.8676,0.0566
"Spence, Mitch",FC,231,0.5566,0.3648,0.1645,86.5249,-0.0446,210,0.2143,0.839,-0.9525,-0.007
"Spence, Mitch",SL,174,-0.4053,0.3472,0.3218,82.2162,0.0759,177,0.4011,-0.6031,1.1748,0.0186
"Springs, Jeffrey",CH,364,0.9555,0.2353,0.4121,76.579,0.1042,414,0.4662,1.4371,1.6755,0.0795
"Springs, Jeffrey",FF,486,-0.1051,0.3356,0.1358,84.4913,-0.0458,569,0.1986,-0.1531,-0.9742,-0.0305
"Springs, Jeffrey",SL,233,-0.0209,0.3363,0.1845,82.4011,-0.1166,238,0.2059,-0.0268,-2.2244,-0.0622
"Stanek, Ryne",FF,338,-0.4126,0.3201,0.2189,82.1196,0.0913,260,0.3192,-0.614,1.4469,0.0259
"Stanek, Ryne",SL,100,1.7976,0.1749,0.44,86.0057,-0.0085,133,0.3008,2.6996,-0.3159,0.0535
"Sterner, Justin",FC,149,1.2244,0.2854,0.2886,79.3351,0.0822,169,0.355,1.8401,1.2855,0.078
"Sterner, Justin",FF,275,0.1707,0.2736,0.2218,84.8626,0.0233,262,0.2634,0.2605,0.2464,0.0128
"Stewart, Brock",FF,190,0.5078,0.2616,0.2842,82.5802,0.0295,108,0.2685,0.7658,0.356,0.0275
"Strahm, Matt",FF,184,0.5661,0.2743,0.2228,81.4977,0.0535,170,0.2941,0.8532,0.7787,0.0412
"Strahm, Matt",SL,162,0.7672,0.1463,0.2901,79.6731,0.0353,154,0.3442,1.1547,0.4572,0.0393
"Strider, Spencer",FF,509,-0.2474,0.3766,0.1415,85.6858,-0.0467,436,0.1881,-0.3664,-0.9902,-0.0358
"Strider, Spencer",SL,352,0.6096,0.238,0.4716,84.726,0.0694,469,0.3859,0.9184,1.0603,0.0505
"Stroman, Marcus",SI,117,-0.5655,0.3928,0.1453,84.3551,0.0041,109,0.2477,-0.8434,-0.0932,-0.022
"Suarez, Ranger",CH,236,0.376,0.2468,0.2966,76.9032,0.1007,284,0.4366,0.5683,1.6124,0.0577
"Suarez, Ranger",CU,123,-0.4464,0.1889,0.2195,76.6875,0.0177,129,0.3178,-0.6648,0.1467,-0.0113
"Suarez, Ranger",FC,210,0.0118,0.3294,0.1667,78.497,0.0654,147,0.3265,0.0222,0.9898,0.0279
"Suarez, Ranger",FF,143,-0.1225,0.3387,0.1538,82.9305,-0.0668,147,0.1633,-0.1791,-1.3446,-0.0413
"Suarez, Ranger",SI,237,-0.3572,0.3512,0.0675,84.2241,-0.0237,285,0.214,-0.5311,-0.5832,-0.0284
"Suarez, Robert",CH,116,-0.3162,0.3222,0.3362,79.3329,-0.0115,155,0.3161,-0.4696,-0.3679,-0.021
"Suarez, Robert",FF,369,-0.2876,0.2859,0.2168,84.248,0.0316,286,0.2692,-0.4267,0.3925,0.001
"Sugano, Tomoyuki",FC,120,-0.4521,0.3989,0.1167,84.303,-0.0385,129,0.2403,-0.6733,-0.8447,-0.0389
"Sugano, Tomoyuki",FF,217,-0.0031,0.399,0.129,83.2897,0.0199,228,0.2456,-0.0002,0.1867,0.0052
"Sugano, Tomoyuki",FS,197,-0.8062,0.3252,0.2437,80.2791,-0.0051,273,0.3443,-1.2042,-0.2564,-0.0349
"Sugano, Tomoyuki",SI,182,-1.3078,0.4055,0.0934,86.6568,-0.0002,167,0.2515,-1.9562,-0.1698,-0.0498
"Sugano, Tomoyuki",ST,213,-0.3129,0.2918,0.2066,81.3284,0.0103,199,0.3216,-0.4645,0.0171,-0.0102
"Suter, Brent",FF,259,0.9907,0.336,0.1429,80.819,0.0132,179,0.2458,1.4898,0.0681,0.0362
"Svanson, Matt",SI,183,0.0833,0.282,0.1803,84.1094,-0.0337,165,0.2061,0.1295,-0.7614,-0.0181
"Svanson, Matt",ST,113,0.4833,0.1793,0.2832,79.8882,-0.0107,162,0.2716,0.7291,-0.3539,0.007
"Sánchez, Cristopher",CH,564,-0.1228,0.1877,0.4113,77.4077,0.0761,630,0.419,-0.1796,1.1784,0.0285
"Sánchez, Cristopher",SI,579,-0.0581,0.3171,0.1192,86.8425,-0.0589,492,0.1911,-0.0826,-1.2057,-0.0353
"Sánchez, Cristopher",SL,220,0.0997,0.3175,0.3,83.8186,-0.015,242,0.2975,0.1541,-0.4306,-0.0084
"Taillon, Jameson",CH,119,1.6823,0.1709,0.3613,77.9459,0.113,118,0.3983,2.5267,1.8302,0.1089
"Taillon, Jameson",FC,124,-0.7498,0.3567,0.121,82.735,-0.077,107,0.1869,-1.1197,-1.5249,-0.068
"Taillon, Jameson",FF,359,-0.3327,0.3263,0.156,84.4366,0.0085,338,0.2337,-0.4942,-0.016,-0.0118
"Taillon, Jameson",ST,161,0.618,0.2526,0.3168,76.8785,0.0953,164,0.4024,0.931,1.5172,0.0635
"Taylor, Grant",FF,158,1.6785,0.2348,0.2911,83.2776,0.012,142,0.2394,2.5209,0.0458,0.0594
"Thielbar, Caleb",FF,209,-0.1294,0.2647,0.1722,83.3395,0.1327,151,0.3775,-0.1895,2.1776,0.0559
"Thompson, Ryan",SI,148,-0.3738,0.3058,0.1689,86.7052,0.1522,145,0.3931,-0.5559,2.5232,0.057
"Thompson, Ryan",SL,121,0.7064,0.1979,0.3471,76.823,0.0262,145,0.3379,1.0636,0.2966,0.0327
"Tolle, Payton",FF,106,-0.9033,0.2707,0.2547,80.3099,-0.0494,78,0.1923,-1.3498,-1.0383,-0.0599
"Tonkin, Michael",FF,104,-0.4489,0.3184,0.1923,83.7385,0.0298,97,0.268,-0.6685,0.3599,-0.0055
"Topa, Justin",SI,147,-0.3673,0.3544,0.0612,84.9056,-0.031,124,0.2177,-0.5462,-0.7123,-0.0323
"Treinen, Blake",ST,119,1.3433,0.2275,0.3361,77.8296,0.1178,140,0.45,2.0184,1.9148,0.0995
"Uceta, Edwin",CH,235,-0.4708,0.2851,0.3574,82.1835,0.0318,233,0.3734,-0.7012,0.3968,-0.0052
"Uceta, Edwin",FF,246,0.5821,0.1956,0.3496,82.8022,0.041,247,0.2834,0.8772,0.5581,0.0357
"Ureña, José",CH,102,-0.1781,0.3608,0.2059,80.1493,-0.0099,119,0.3193,-0.2625,-0.3398,-0.0155
"Ureña, José",SI,140,-0.8456,0.3791,0.0857,88.0341,-0.0074,118,0.2458,-1.2632,-0.2954,-0.0373
"Uribe, Abner",SI,262,-0.1223,0.3023,0.187,84.8115,-0.0151,257,0.2257,-0.1788,-0.4317,-0.0161
"Uribe, Abner",SL,241,1.6702,0.1501,0.4315,76.8016,0.001,300,0.3233,2.5086,-0.147,0.0538
"Valdez, Framber",CH,231,-0.1423,0.2574,0.29,81.3106,-0.0393,275,0.3091,-0.2087,-0.8591,-0.0286
"Valdez, Framber",CU,286,0.4857,0.1758,0.451,81.4917,0.0626,403,0.3623,0.7326,0.9397,0.0429
"Valdez, Framber",SI,543,-0.1407,0.3443,0.1087,86.9745,-0.0215,456,0.2171,-0.2064,-0.5455,-0.0199
"Vargas, Carlos",SI,329,0.5292,0.2895,0.1398,84.3611,0.0623,281,0.3167,0.7979,0.934,0.0442
"Vargas, Carlos",SL,108,-0.3014,0.226,0.2315,83.3922,-0.0603,116,0.2672,-0.4473,-1.2308,-0.0444
"Varland, Louis",FF,275,-0.116,0.3569,0.16,84.8718,0.0004,211,0.2275,-0.1693,-0.1585,-0.0083
"Vasil, Mike",SI,257,-0.3325,0.2813,0.1245,84.0195,-0.0624,262,0.1756,-0.494,-1.2673,-0.0465
"Verlander, Justin",CU,112,-0.175,0.3306,0.25,82.31,0.017,135,0.3111,-0.2579,0.1351,-0.0022
"Verlander, Justin",FF,556,-0.3359,0.3619,0.1457,83.8642,0.017,566,0.2527,-0.499,0.1352,-0.0078
"Verlander, Justin",SL,324,-0.1417,0.2446,0.3179,81.8882,0.0394,282,0.3511,-0.2078,0.5305,0.0099
"Vesia, Alex",FF,306,0.6037,0.2542,0.232,80.9808,0.0695,292,0.3082,0.9095,1.0626,0.0504
"Vesia, Alex",SL,179,0.8465,0.2575,0.3575,78.9283,0.009,188,0.3245,1.2736,-0.0064,0.0292
"Vest, Will",FF,281,-0.0806,0.3019,0.1957,85.5986,-0.0515,237,0.1814,-0.1163,-1.0749,-0.0324
"Vest, Will",SL,118,-0.5815,0.1753,0.4322,85.4532,-0.022,173,0.3064,-0.8673,-0.5542,-0.0353
"Vodnik, Victor",CH,105,1.0183,0.161,0.4286,79.175,0.0166,154,0.3442,1.5313,0.1269,0.0388
"Vodnik, Victor",FF,217,0.4241,0.3337,0.1336,86.4577,-0.0771,227,0.163,0.6404,-1.5278,-0.0275
"Vásquez, Randy",CU,106,-1.1923,0.3155,0.1509,81.7085,0.0079,122,0.2951,-1.783,-0.0256,-0.0418
"Vásquez, Randy",FC,224,-0.6359,0.3383,0.1696,83.108,0.0123,221,0.2805,-0.9488,0.0517,-0.0204
"Vásquez, Randy",FF,177,-0.8111,0.2942,0.1469,85.508,-0.029,178,0.191,-1.2115,-0.6778,-0.0467
"Vásquez, Randy",SI,189,-0.1904,0.339,0.0688,86.9323,0.017,155,0.2645,-0.2809,0.1347,-0.0027
"Vásquez, Randy",ST,110,-1.3283,0.3005,0.2273,82.2853,-0.0611,144,0.2361,-1.9869,-1.244,-0.0802
"Wacha, Michael",CH,360,0.3879,0.2157,0.2667,79.7992,0.0182,299,0.3612,0.586,0.1561,0.0178
"Wacha, Michael",FC,169,-0.08,0.3351,0.1361,82.3465,-0.0024,153,0.281,-0.1154,-0.2072,-0.0084
"Wacha, Michael",FF,318,0.2451,0.3036,0.1478,83.1059,-0.0047,324,0.2346,0.3721,-0.2482,0.0017
"Wacha, Michael",SI,153,0.8181,0.3777,0.1046,82.2546,-0.0014,143,0.2587,1.2311,-0.1903,0.0231
"Wacha, Michael",SL,152,0.2594,0.3065,0.2829,81.698,-0.0117,169,0.3136,0.3935,-0.3718,-0.0012
"Walker, Ryan",SI,229,0.6812,0.3238,0.1703,84.5863,-0.0094,224,0.2232,1.0257,-0.3315,0.0145
"Walker, Ryan",SL,171,0.8747,0.2686,0.269,80.2851,-0.0193,213,0.3005,1.3158,-0.5061,0.0163
"Walker, Taijuan",FC,248,0.0595,0.2977,0.1734,82.9796,-0.0375,244,0.2254,0.0938,-0.8284,-0.0208
"Walker, Taijuan",FS,141,-0.4055,0.3119,0.1915,85.0847,-0.007,188,0.3191,-0.6034,-0.289,-0.0219
"Walker, Taijuan",SI,164,0.3565,0.311,0.0732,83.8787,-0.007,172,0.2442,0.539,-0.2886,0.0044
"Walker, Taijuan",SL,112,-0.2217,0.2738,0.2321,82.4259,-0.0282,131,0.2901,-0.3279,-0.6626,-0.0259
"Walter, Brandon",FC,103,-0.4482,0.3517,0.1456,87.2038,0.1153,60,0.3667,-0.6675,1.8713,0.0364
"Warren, Will",CH,116,-0.5415,0.2728,0.3276,79.8162,0.0007,206,0.3252,-0.8074,-0.1525,-0.0228
"Warren, Will",FF,539,-0.577,0.3196,0.2059,84.4161,-0.0196,522,0.2146,-0.8606,-0.5122,-0.034
"Warren, Will",SI,236,0.1005,0.3184,0.1144,85.783,-0.0511,257,0.2023,0.1553,-1.0679,-0.026
"Warren, Will",ST,198,-0.1093,0.3211,0.3131,80.7712,-0.0127,282,0.2943,-0.1593,-0.3902,-0.0145
"Weathers, Ryan",FF,141,-0.0856,0.3145,0.156,84.3676,-0.1059,99,0.1313,-0.1237,-2.035,-0.0592
"Weaver, Luke",CH,162,0.0609,0.1727,0.4136,77.35,0.0663,182,0.4066,0.0959,1.006,0.03
"Weaver, Luke",FF,318,-0.693,0.2359,0.195,84.2315,0.037,283,0.2898,-1.0344,0.4887,-0.0103
"Webb, Jacob",CH,172,-0.4712,0.2486,0.3488,77.4362,0.0659,165,0.4061,-0.7019,0.9976,0.0114
"Webb, Jacob",FF,217,0.1394,0.2387,0.1751,82.8439,0.0148,176,0.2443,0.2135,0.0964,0.0076
"Webb, Logan",CH,387,-0.2214,0.2395,0.2997,83.7096,0.0947,456,0.432,-0.3273,1.5064,0.0341
"Webb, Logan",FC,122,2.2859,0.356,0.1803,77.9914,0.0186,118,0.2797,3.4317,0.1623,0.0836
"Webb, Logan",FF,136,2.6799,0.1418,0.3235,81.4867,0.0379,149,0.2819,4.0223,0.5035,0.1067
"Webb, Logan",SI,399,0.5694,0.3358,0.1278,85.9085,-0.0858,400,0.165,0.8582,-1.6807,-0.0267
"Webb, Logan",ST,288,-0.3701,0.3057,0.2674,81.4933,-0.0251,384,0.2839,-0.5503,-0.6079,-0.0295
"Weissert, Greg",FF,217,-0.4522,0.212,0.2028,84.4466,0.064,130,0.3077,-0.6735,0.9653,0.0112
"Weissert, Greg",SI,106,-1.026,0.3109,0.1415,84.7035,-0.0151,131,0.2366,-1.5336,-0.4327,-0.0473
"Wentz, Joey",CU,120,0.8863,0.2358,0.2833,79.8123,0.0434,154,0.3312,1.3333,0.6001,0.0474
"Wentz, Joey",FF,366,0.0153,0.3414,0.1667,84.3628,-0.0122,349,0.212,0.0275,-0.381,-0.0099
"Wentz, Joey",SL,223,-0.4848,0.2946,0.2646,83.5238,0.0528,229,0.3537,-0.7224,0.7672,0.0046
"Wheeler, Zack",FF,504,-0.2457,0.2268,0.2738,81.9612,0.0233,375,0.264,-0.3638,0.2464,-0.0016
"Wheeler, Zack",SI,186,0.552,0.2899,0.129,80.0706,0.1078,214,0.3692,0.8321,1.7375,0.0673
"Wheeler, Zack",ST,139,0.5075,0.2258,0.4029,80.5169,-0.0053,167,0.2874,0.7654,-0.2584,0.0105
"Whitlock, Garrett",CH,140,1.5255,0.2608,0.3143,79.8258,0.1213,145,0.4483,2.2917,1.976,0.1075
"Whitlock, Garrett",SI,277,0.5334,0.2622,0.2816,83.4409,0.0058,218,0.2385,0.8043,-0.0632,0.0168
"Whitlock, Garrett",SL,181,0.6374,0.1983,0.3702,80.1806,0.0855,199,0.4121,0.9601,1.3445,0.0593
"Williams, Devin",CH,305,-0.5176,0.2612,0.3344,79.9569,0.0968,343,0.4461,-0.7715,1.5437,0.0249
"Williams, Devin",FF,241,0.0694,0.1952,0.3278,83.4274,-0.0271,278,0.2122,0.1086,-0.6442,-0.0153
"Williams, Gavin",CU,226,0.3306,0.1986,0.3142,82.3353,-0.0251,352,0.2784,0.5002,-0.6086,-0.0053
"Williams, Gavin",FC,196,-0.674,0.3212,0.1735,84.6801,-0.0365,168,0.2321,-1.0059,-0.8109,-0.0456
"Williams, Gavin",FF,520,0.0636,0.3548,0.2115,85.0578,-0.0042,460,0.2239,0.1,-0.2398,-0.0043
"Williams, Gavin",ST,224,0.9562,0.2227,0.4286,79.7061,0.0325,305,0.3377,1.438,0.4079,0.0444
"Williams, Trevor",FF,327,-0.2245,0.3264,0.1284,82.4875,0.046,194,0.2629,-0.3321,0.6463,0.0102
"Williams, Trevor",ST,147,-0.0218,0.2223,0.2789,79.8032,-0.0026,195,0.3026,-0.0282,-0.211,-0.0065
"Wilson, Justin",FF,185,-0.2504,0.2766,0.3135,82.1404,0.0011,167,0.2395,-0.3709,-0.1456,-0.0126
"Wilson, Justin",SL,136,-0.6744,0.2452,0.3309,82.4977,0.0122,156,0.3269,-1.0065,0.0504,-0.0218
"Wilson, Steven",FF,144,0.0439,0.2474,0.1736,84.3882,-0.0276,147,0.2109,0.0703,-0.6522,-0.0164
"Wilson, Steven",ST,238,-0.5557,0.305,0.2689,81.6373,-0.0467,232,0.2629,-0.8286,-0.9894,-0.0465
"Woo, Bryan",FF,712,-0.1871,0.228,0.2444,81.3728,0.0732,532,0.3064,-0.276,1.1266,0.0248
"Woo, Bryan",SI,329,0.2075,0.3243,0.1033,83.7867,0.0512,260,0.3,0.3156,0.7378,0.0277
"Woo, Bryan",SL,134,-0.9109,0.3036,0.3358,88.1111,-0.0133,133,0.3008,-1.3611,-0.4002,-0.0425
"Woo, Bryan",ST,106,0.871,0.1594,0.434,78.3127,0.0649,140,0.3714,1.3103,0.9811,0.0574
"Woodruff, Brandon",FF,156,-0.4457,0.2363,0.2821,83.127,0.0341,108,0.2593,-0.6637,0.4359,-0.0032
"Woodruff, Brandon",SI,123,0.2871,0.2797,0.1463,85.1708,-0.0196,121,0.2231,0.435,-0.5114,-0.0041
"Woods Richardson, Simeon",FF,405,-0.5873,0.2916,0.1654,83.6108,0.0212,373,0.2574,-0.876,0.2095,-0.0144
"Woods Richardson, Simeon",SL,221,-0.0459,0.2559,0.2217,81.6379,-0.0185,243,0.3004,-0.0643,-0.4918,-0.0151
"Wrobleski, Justin",FF,177,0.1181,0.2471,0.2599,81.4036,0.0597,155,0.3097,0.1816,0.8882,0.0288
"Wrobleski, Justin",SL,148,-0.1607,0.2221,0.2432,82.4735,0.0108,127,0.3465,-0.2364,0.026,-0.0047
"Yamamoto, Yoshinobu",CU,213,-0.6626,0.228,0.3239,80.3236,0.0298,240,0.3083,-0.9889,0.3617,-0.0128
"Yamamoto, Yoshinobu",FC,195,-0.0146,0.2721,0.1744,77.8833,0.1275,127,0.4094,-0.0174,2.0869,0.0573
"Yamamoto, Yoshinobu",FF,420,0.5142,0.2649,0.1881,82.568,-0.0802,429,0.1562,0.7754,-1.5812,-0.0259
"Yamamoto, Yoshinobu",FS,288,-0.4542,0.1603,0.3646,83.2052,0.0553,359,0.4011,-0.6765,0.8102,0.0068
"Yamamoto, Yoshinobu",SI,105,0.3113,0.3228,0.1524,83.2123,0.0634,134,0.3134,0.4712,0.9538,0.0373
"Yates, Kirby",FF,224,-0.4879,0.2707,0.2991,80.097,0.0039,160,0.2438,-0.7269,-0.096,-0.0194
"Yesavage, Trey",SL,105,-1.1737,0.2285,0.4,83.0104,0.0689,115,0.3826,-1.7551,1.0518,-0.0114
"Young, Brandon",FF,195,-0.3656,0.2683,0.1692,83.7253,0.0339,172,0.2674,-0.5436,0.4333,-0.0005
"Zeferjahn, Ryan",FF,143,0.751,0.2926,0.2098,81.5243,-0.0072,148,0.223,1.1304,-0.293,0.018
"Zerpa, Angel",FF,100,1.7132,0.3359,0.2,82.0836,0.0517,116,0.3017,2.5729,0.747,0.08
"Zerpa, Angel",SI,177,0.8393,0.3077,0.0734,85.0292,-0.0728,153,0.1569,1.2628,-1.4506,-0.011
"Zerpa, Angel",SL,143,0.4787,0.2988,0.2028,83.8798,0.0152,181,0.337,0.7221,0.1035,0.0195
"deGrom, Jacob",CH,128,1.04,0.2834,0.375,79.4661,-0.016,194,0.299,1.5637,-0.4487,0.0236
"deGrom, Jacob",FF,658,-0.4894,0.2868,0.1884,84.077,0.0534,445,0.2809,-0.7292,0.7778,0.0047
"deGrom, Jacob",SL,425,0.2155,0.2669,0.3859,83.3889,0.056,547,0.3803,0.3276,0.8233,0.0303
